https://github.com/Activiti/Activiti,b11f757a48600e53aaf3fcb7a3ba1ece6c463cb4,./activiti-spring-boot-starter,org.activiti.spring.boot.tasks.TaskRuntimeClaimReleaseTest.aCreateStandaloneTaskForGroup
https://github.com/Activiti/Activiti,b11f757a48600e53aaf3fcb7a3ba1ece6c463cb4,./activiti-spring-boot-starter,org.activiti.spring.boot.tasks.TaskRuntimeClaimReleaseTest.bClaimAndRelease
https://github.com/Activiti/Activiti,b11f757a48600e53aaf3fcb7a3ba1ece6c463cb4,./activiti-spring-boot-starter,org.activiti.spring.boot.tasks.TaskRuntimeClaimReleaseTest.eCreateStandaloneTaskAndClaimAndReleaseUnAuthorized
https://github.com/Activiti/Activiti,b11f757a48600e53aaf3fcb7a3ba1ece6c463cb4,./activiti-spring-boot-starter,org.activiti.spring.boot.tasks.TaskRuntimeCompleteTaskTest.aCreateStandaloneTaskAndComplete
https://github.com/Activiti/Activiti,b11f757a48600e53aaf3fcb7a3ba1ece6c463cb4,./activiti-spring-boot-starter,org.activiti.spring.boot.tasks.TaskRuntimeCompleteTaskTest.bCreateStandaloneTask
https://github.com/Activiti/Activiti,b11f757a48600e53aaf3fcb7a3ba1ece6c463cb4,./activiti-spring-boot-starter,org.activiti.spring.boot.tasks.TaskRuntimeCompleteTaskTest.ctryCompletingWithUnauthorizedUser
https://github.com/Activiti/Activiti,b11f757a48600e53aaf3fcb7a3ba1ece6c463cb4,./activiti-spring-boot-starter,org.activiti.spring.boot.tasks.TaskRuntimeDeleteTaskTest.aCreateStandaloneTaskAndDelete
https://github.com/Activiti/Activiti,b11f757a48600e53aaf3fcb7a3ba1ece6c463cb4,./activiti-spring-boot-starter,org.activiti.spring.boot.tasks.TaskRuntimeDeleteTaskTest.cCreateStandaloneGroupTaskClaimAndDeleteFail
https://github.com/Activiti/Activiti,b11f757a48600e53aaf3fcb7a3ba1ece6c463cb4,./activiti-spring-boot-starter,org.activiti.spring.boot.tasks.TaskRuntimeDeleteTaskTest.dClaimTaskCreatedForGroup
https://github.com/Activiti/Activiti,b11f757a48600e53aaf3fcb7a3ba1ece6c463cb4,./activiti-spring-boot-starter,org.activiti.spring.boot.tasks.TaskRuntimeStandaloneTaskTest.aCreateStandaloneTaskForSalaboy
https://github.com/Activiti/Activiti,b11f757a48600e53aaf3fcb7a3ba1ece6c463cb4,./activiti-spring-boot-starter,org.activiti.spring.boot.tasks.TaskRuntimeStandaloneTaskTest.bCreateStandaloneTaskForGroup
https://github.com/Activiti/Activiti,b11f757a48600e53aaf3fcb7a3ba1ece6c463cb4,./activiti-spring-boot-starter,org.activiti.spring.boot.tasks.TaskRuntimeTaskAssigneeTest.aCreateStandaloneTaskForAnotherAssignee
https://github.com/Activiti/Activiti,b11f757a48600e53aaf3fcb7a3ba1ece6c463cb4,./activiti-spring-boot-starter,org.activiti.spring.boot.tasks.TaskRuntimeTaskAssigneeTest.bCreateCheckTaskCreatedForSalaboyFromAnotherUser
https://github.com/Activiti/Activiti,b11f757a48600e53aaf3fcb7a3ba1ece6c463cb4,./activiti-spring-boot-starter,org.activiti.spring.boot.tasks.TaskRuntimeTaskAssigneeTest.cCreateStandaloneTaskForGroupAndClaim
https://github.com/Activiti/Activiti,b11f757a48600e53aaf3fcb7a3ba1ece6c463cb4,./activiti-spring-boot-starter,org.activiti.spring.boot.tasks.TaskRuntimeTaskForOtherTest.aCreateStandaloneTaskWithNoCandidates
https://github.com/Activiti/Activiti,b11f757a48600e53aaf3fcb7a3ba1ece6c463cb4,./activiti-spring-boot-starter,org.activiti.spring.boot.tasks.TaskRuntimeUnAuthorizedTest.bClaimNotFoundBecauseYouAreNotACandidate
https://github.com/apache/hadoop,cc2babc1f75c93bf89a8f10da525f944c15d02ea,./hadoop-hdfs-project/hadoop-hdfs-nfs,org.apache.hadoop.hdfs.nfs.nfs3.TestRpcProgramNfs3.testAccess
https://github.com/apache/hadoop,cc2babc1f75c93bf89a8f10da525f944c15d02ea,./hadoop-hdfs-project/hadoop-hdfs-nfs,org.apache.hadoop.hdfs.nfs.nfs3.TestRpcProgramNfs3.testCommit
https://github.com/apache/hadoop,cc2babc1f75c93bf89a8f10da525f944c15d02ea,./hadoop-hdfs-project/hadoop-hdfs-nfs,org.apache.hadoop.hdfs.nfs.nfs3.TestRpcProgramNfs3.testCreate
https://github.com/apache/hadoop,cc2babc1f75c93bf89a8f10da525f944c15d02ea,./hadoop-hdfs-project/hadoop-hdfs-nfs,org.apache.hadoop.hdfs.nfs.nfs3.TestRpcProgramNfs3.testFsinfo
https://github.com/apache/hadoop,cc2babc1f75c93bf89a8f10da525f944c15d02ea,./hadoop-hdfs-project/hadoop-hdfs-nfs,org.apache.hadoop.hdfs.nfs.nfs3.TestRpcProgramNfs3.testFsstat
https://github.com/apache/hadoop,cc2babc1f75c93bf89a8f10da525f944c15d02ea,./hadoop-hdfs-project/hadoop-hdfs-nfs,org.apache.hadoop.hdfs.nfs.nfs3.TestRpcProgramNfs3.testGetattr
https://github.com/apache/hadoop,cc2babc1f75c93bf89a8f10da525f944c15d02ea,./hadoop-hdfs-project/hadoop-hdfs-nfs,org.apache.hadoop.hdfs.nfs.nfs3.TestRpcProgramNfs3.testLookup
https://github.com/apache/hadoop,cc2babc1f75c93bf89a8f10da525f944c15d02ea,./hadoop-hdfs-project/hadoop-hdfs-nfs,org.apache.hadoop.hdfs.nfs.nfs3.TestRpcProgramNfs3.testMkdir
https://github.com/apache/hadoop,cc2babc1f75c93bf89a8f10da525f944c15d02ea,./hadoop-hdfs-project/hadoop-hdfs-nfs,org.apache.hadoop.hdfs.nfs.nfs3.TestRpcProgramNfs3.testPathconf
https://github.com/apache/hadoop,cc2babc1f75c93bf89a8f10da525f944c15d02ea,./hadoop-hdfs-project/hadoop-hdfs-nfs,org.apache.hadoop.hdfs.nfs.nfs3.TestRpcProgramNfs3.testReaddir
https://github.com/apache/hadoop,cc2babc1f75c93bf89a8f10da525f944c15d02ea,./hadoop-hdfs-project/hadoop-hdfs-nfs,org.apache.hadoop.hdfs.nfs.nfs3.TestRpcProgramNfs3.testReaddirplus
https://github.com/apache/hadoop,cc2babc1f75c93bf89a8f10da525f944c15d02ea,./hadoop-hdfs-project/hadoop-hdfs-nfs,org.apache.hadoop.hdfs.nfs.nfs3.TestRpcProgramNfs3.testReadlink
https://github.com/apache/hadoop,cc2babc1f75c93bf89a8f10da525f944c15d02ea,./hadoop-hdfs-project/hadoop-hdfs-nfs,org.apache.hadoop.hdfs.nfs.nfs3.TestRpcProgramNfs3.testRead
https://github.com/apache/hadoop,cc2babc1f75c93bf89a8f10da525f944c15d02ea,./hadoop-hdfs-project/hadoop-hdfs-nfs,org.apache.hadoop.hdfs.nfs.nfs3.TestRpcProgramNfs3.testRemove
https://github.com/apache/hadoop,cc2babc1f75c93bf89a8f10da525f944c15d02ea,./hadoop-hdfs-project/hadoop-hdfs-nfs,org.apache.hadoop.hdfs.nfs.nfs3.TestRpcProgramNfs3.testRename
https://github.com/apache/hadoop,cc2babc1f75c93bf89a8f10da525f944c15d02ea,./hadoop-hdfs-project/hadoop-hdfs-nfs,org.apache.hadoop.hdfs.nfs.nfs3.TestRpcProgramNfs3.testRmdir
https://github.com/apache/hadoop,cc2babc1f75c93bf89a8f10da525f944c15d02ea,./hadoop-hdfs-project/hadoop-hdfs-nfs,org.apache.hadoop.hdfs.nfs.nfs3.TestRpcProgramNfs3.testSetattr
https://github.com/apache/hadoop,cc2babc1f75c93bf89a8f10da525f944c15d02ea,./hadoop-hdfs-project/hadoop-hdfs-nfs,org.apache.hadoop.hdfs.nfs.nfs3.TestRpcProgramNfs3.testSymlink
https://github.com/apache/hadoop,cc2babc1f75c93bf89a8f10da525f944c15d02ea,./hadoop-hdfs-project/hadoop-hdfs-nfs,org.apache.hadoop.hdfs.nfs.nfs3.TestRpcProgramNfs3.testWrite
https://github.com/apache/hadoop,cc2babc1f75c93bf89a8f10da525f944c15d02ea,./hadoop-hdfs-project/hadoop-hdfs-nfs,org.apache.hadoop.hdfs.nfs.nfs3.TestViewfsWithNfs3.testNfsAccessNN1
https://github.com/apache/hadoop,cc2babc1f75c93bf89a8f10da525f944c15d02ea,./hadoop-hdfs-project/hadoop-hdfs-nfs,org.apache.hadoop.hdfs.nfs.nfs3.TestViewfsWithNfs3.testNfsAccessNN2
https://github.com/apache/hadoop,cc2babc1f75c93bf89a8f10da525f944c15d02ea,./hadoop-hdfs-project/hadoop-hdfs-nfs,org.apache.hadoop.hdfs.nfs.nfs3.TestViewfsWithNfs3.testNfsRenameSingleNN
https://github.com/apache/hadoop,cc2babc1f75c93bf89a8f10da525f944c15d02ea,./hadoop-hdfs-project/hadoop-hdfs-nfs,org.apache.hadoop.hdfs.nfs.nfs3.TestViewfsWithNfs3.testNfsWriteNN1
https://github.com/apache/hadoop,cc2babc1f75c93bf89a8f10da525f944c15d02ea,./hadoop-hdfs-project/hadoop-hdfs-nfs,org.apache.hadoop.hdfs.nfs.nfs3.TestViewfsWithNfs3.testNfsWriteNN2
https://github.com/apache/hadoop,cc2babc1f75c93bf89a8f10da525f944c15d02ea,./hadoop-hdfs-project/hadoop-hdfs-nfs,org.apache.hadoop.hdfs.nfs.nfs3.TestViewfsWithNfs3.testWrongNfsAccess
https://github.com/apache/hadoop,cc2babc1f75c93bf89a8f10da525f944c15d02ea,./hadoop-hdfs-project/hadoop-hdfs-nfs,org.apache.hadoop.hdfs.nfs.nfs3.TestWrites.testOOOWrites
https://github.com/apache/hadoop,cc2babc1f75c93bf89a8f10da525f944c15d02ea,./hadoop-hdfs-project/hadoop-hdfs-nfs,org.apache.hadoop.hdfs.nfs.nfs3.TestWrites.testOverlappingWrites
https://github.com/apache/hadoop,cc2babc1f75c93bf89a8f10da525f944c15d02ea,./hadoop-hdfs-project/hadoop-hdfs-nfs,org.apache.hadoop.hdfs.nfs.nfs3.TestWrites.testWriteStableHow
https://github.com/apache/hadoop,cc2babc1f75c93bf89a8f10da525f944c15d02ea,./hadoop-mapreduce-project/hadoop-mapreduce-client/hadoop-mapreduce-client-app,org.apache.hadoop.mapreduce.v2.app.TestMRAppMaster.testMRAppMasterFailLock
https://github.com/apache/hadoop,cc2babc1f75c93bf89a8f10da525f944c15d02ea,./hadoop-mapreduce-project/hadoop-mapreduce-client/hadoop-mapreduce-client-app,org.apache.hadoop.mapreduce.v2.app.TestMRAppMaster.testMRAppMasterMidLock
https://github.com/apache/hadoop,cc2babc1f75c93bf89a8f10da525f944c15d02ea,./hadoop-mapreduce-project/hadoop-mapreduce-client/hadoop-mapreduce-client-app,org.apache.hadoop.mapreduce.v2.app.TestMRAppMaster.testMRAppMasterShutDownJob
https://github.com/apache/hadoop,cc2babc1f75c93bf89a8f10da525f944c15d02ea,./hadoop-mapreduce-project/hadoop-mapreduce-client/hadoop-mapreduce-client-app,org.apache.hadoop.mapreduce.v2.app.TestMRAppMaster.testMRAppMasterSuccessLock
https://github.com/apache/hadoop,cc2babc1f75c93bf89a8f10da525f944c15d02ea,./hadoop-mapreduce-project/hadoop-mapreduce-client/hadoop-mapreduce-client-core,org.apache.hadoop.mapred.TestTaskProgressReporter.testTaskProgress
https://github.com/apache/hadoop,cc2babc1f75c93bf89a8f10da525f944c15d02ea,./hadoop-mapreduce-project/hadoop-mapreduce-client/hadoop-mapreduce-client-core,org.apache.hadoop.mapreduce.lib.input.TestLineRecordReader.testUncompressedInputContainingCRLF
https://github.com/apache/hadoop,cc2babc1f75c93bf89a8f10da525f944c15d02ea,./hadoop-mapreduce-project/hadoop-mapreduce-client/hadoop-mapreduce-client-core,org.apache.hadoop.mapreduce.lib.input.TestLineRecordReader.testUncompressedInputCustomDelimiterPosValue
https://github.com/apache/hadoop,cc2babc1f75c93bf89a8f10da525f944c15d02ea,./hadoop-mapreduce-project/hadoop-mapreduce-client/hadoop-mapreduce-client-core,org.apache.hadoop.mapreduce.lib.input.TestLineRecordReader.testUncompressedInputDefaultDelimiterPosValue
https://github.com/apache/hadoop,cc2babc1f75c93bf89a8f10da525f944c15d02ea,./hadoop-mapreduce-project/hadoop-mapreduce-client/hadoop-mapreduce-client-core,org.apache.hadoop.mapreduce.lib.input.TestLineRecordReader.testUncompressedInput
https://github.com/apache/hadoop,cc2babc1f75c93bf89a8f10da525f944c15d02ea,./hadoop-mapreduce-project/hadoop-mapreduce-client/hadoop-mapreduce-client-hs,org.apache.hadoop.mapreduce.v2.hs.TestJobHistoryParsing.testHistoryParsingForFailedAttempts
https://github.com/apache/hadoop,cc2babc1f75c93bf89a8f10da525f944c15d02ea,./hadoop-mapreduce-project/hadoop-mapreduce-client/hadoop-mapreduce-client-hs,org.apache.hadoop.mapreduce.v2.hs.TestJobHistoryParsing.testHistoryParsing
https://github.com/apache/dubbo,737f7a7ea67832d7f17517326fb2491d0a086dd7,./dubbo-common,org.apache.dubbo.common.threadlocal.InternalThreadLocalTest.testSize
https://github.com/apache/dubbo,737f7a7ea67832d7f17517326fb2491d0a086dd7,./dubbo-config/dubbo-config-api,org.apache.dubbo.config.AbstractInterfaceConfigTest.checkApplication2
https://github.com/apache/dubbo,737f7a7ea67832d7f17517326fb2491d0a086dd7,./dubbo-config/dubbo-config-api,org.apache.dubbo.config.AbstractInterfaceConfigTest.checkInterfaceAndMethod3
https://github.com/apache/dubbo,737f7a7ea67832d7f17517326fb2491d0a086dd7,./dubbo-config/dubbo-config-api,org.apache.dubbo.config.AbstractInterfaceConfigTest.checkInterfaceAndMethod4
https://github.com/apache/dubbo,737f7a7ea67832d7f17517326fb2491d0a086dd7,./dubbo-config/dubbo-config-api,org.apache.dubbo.config.AbstractInterfaceConfigTest.checkInterfaceAndMethod5
https://github.com/apache/dubbo,737f7a7ea67832d7f17517326fb2491d0a086dd7,./dubbo-config/dubbo-config-api,org.apache.dubbo.config.AbstractInterfaceConfigTest.checkInterfaceAndMethods1
https://github.com/apache/dubbo,737f7a7ea67832d7f17517326fb2491d0a086dd7,./dubbo-config/dubbo-config-api,org.apache.dubbo.config.AbstractInterfaceConfigTest.checkInterfaceAndMethods2
https://github.com/apache/dubbo,737f7a7ea67832d7f17517326fb2491d0a086dd7,./dubbo-config/dubbo-config-api,org.apache.dubbo.config.AbstractInterfaceConfigTest.checkStubAndMock1
https://github.com/apache/dubbo,737f7a7ea67832d7f17517326fb2491d0a086dd7,./dubbo-config/dubbo-config-api,org.apache.dubbo.config.AbstractInterfaceConfigTest.checkStubAndMock2
https://github.com/apache/dubbo,737f7a7ea67832d7f17517326fb2491d0a086dd7,./dubbo-config/dubbo-config-api,org.apache.dubbo.config.AbstractInterfaceConfigTest.checkStubAndMock3
https://github.com/apache/dubbo,737f7a7ea67832d7f17517326fb2491d0a086dd7,./dubbo-config/dubbo-config-api,org.apache.dubbo.config.AbstractInterfaceConfigTest.checkStubAndMock4
https://github.com/apache/dubbo,737f7a7ea67832d7f17517326fb2491d0a086dd7,./dubbo-config/dubbo-config-api,org.apache.dubbo.config.AbstractInterfaceConfigTest.checkStubAndMock5
https://github.com/apache/dubbo,737f7a7ea67832d7f17517326fb2491d0a086dd7,./dubbo-config/dubbo-config-api,org.apache.dubbo.config.AbstractInterfaceConfigTest.checkStubAndMock6
https://github.com/apache/dubbo,737f7a7ea67832d7f17517326fb2491d0a086dd7,./dubbo-config/dubbo-config-api,org.apache.dubbo.config.AbstractInterfaceConfigTest.checkStubAndMock7
https://github.com/apache/dubbo,737f7a7ea67832d7f17517326fb2491d0a086dd7,./dubbo-config/dubbo-config-api,org.apache.dubbo.config.AbstractInterfaceConfigTest.checkStubAndMock8
https://github.com/apache/dubbo,737f7a7ea67832d7f17517326fb2491d0a086dd7,./dubbo-config/dubbo-config-api,org.apache.dubbo.config.AbstractInterfaceConfigTest.checkStubAndMock9
https://github.com/apache/dubbo,737f7a7ea67832d7f17517326fb2491d0a086dd7,./dubbo-config/dubbo-config-api,org.apache.dubbo.config.AbstractInterfaceConfigTest.testApplication
https://github.com/apache/dubbo,737f7a7ea67832d7f17517326fb2491d0a086dd7,./dubbo-config/dubbo-config-api,org.apache.dubbo.config.AbstractInterfaceConfigTest.testCallbacks
https://github.com/apache/dubbo,737f7a7ea67832d7f17517326fb2491d0a086dd7,./dubbo-config/dubbo-config-api,org.apache.dubbo.config.AbstractInterfaceConfigTest.testCheckRegistry1
https://github.com/apache/dubbo,737f7a7ea67832d7f17517326fb2491d0a086dd7,./dubbo-config/dubbo-config-api,org.apache.dubbo.config.AbstractInterfaceConfigTest.testCheckRegistry2
https://github.com/apache/dubbo,737f7a7ea67832d7f17517326fb2491d0a086dd7,./dubbo-config/dubbo-config-api,org.apache.dubbo.config.AbstractInterfaceConfigTest.testCluster
https://github.com/apache/dubbo,737f7a7ea67832d7f17517326fb2491d0a086dd7,./dubbo-config/dubbo-config-api,org.apache.dubbo.config.AbstractInterfaceConfigTest.testConnections
https://github.com/apache/dubbo,737f7a7ea67832d7f17517326fb2491d0a086dd7,./dubbo-config/dubbo-config-api,org.apache.dubbo.config.AbstractInterfaceConfigTest.testFilter
https://github.com/apache/dubbo,737f7a7ea67832d7f17517326fb2491d0a086dd7,./dubbo-config/dubbo-config-api,org.apache.dubbo.config.AbstractInterfaceConfigTest.testLayer
https://github.com/apache/dubbo,737f7a7ea67832d7f17517326fb2491d0a086dd7,./dubbo-config/dubbo-config-api,org.apache.dubbo.config.AbstractInterfaceConfigTest.testListener
https://github.com/apache/dubbo,737f7a7ea67832d7f17517326fb2491d0a086dd7,./dubbo-config/dubbo-config-api,org.apache.dubbo.config.AbstractInterfaceConfigTest.testLoadMonitor
https://github.com/apache/dubbo,737f7a7ea67832d7f17517326fb2491d0a086dd7,./dubbo-config/dubbo-config-api,org.apache.dubbo.config.AbstractInterfaceConfigTest.testLoadRegistries
https://github.com/apache/dubbo,737f7a7ea67832d7f17517326fb2491d0a086dd7,./dubbo-config/dubbo-config-api,org.apache.dubbo.config.AbstractInterfaceConfigTest.testLocal
https://github.com/apache/dubbo,737f7a7ea67832d7f17517326fb2491d0a086dd7,./dubbo-config/dubbo-config-api,org.apache.dubbo.config.AbstractInterfaceConfigTest.testModule
https://github.com/apache/dubbo,737f7a7ea67832d7f17517326fb2491d0a086dd7,./dubbo-config/dubbo-config-api,org.apache.dubbo.config.AbstractInterfaceConfigTest.testMonitor
https://github.com/apache/dubbo,737f7a7ea67832d7f17517326fb2491d0a086dd7,./dubbo-config/dubbo-config-api,org.apache.dubbo.config.AbstractInterfaceConfigTest.testOnconnect
https://github.com/apache/dubbo,737f7a7ea67832d7f17517326fb2491d0a086dd7,./dubbo-config/dubbo-config-api,org.apache.dubbo.config.AbstractInterfaceConfigTest.testOndisconnect
https://github.com/apache/dubbo,737f7a7ea67832d7f17517326fb2491d0a086dd7,./dubbo-config/dubbo-config-api,org.apache.dubbo.config.AbstractInterfaceConfigTest.testOwner
https://github.com/apache/dubbo,737f7a7ea67832d7f17517326fb2491d0a086dd7,./dubbo-config/dubbo-config-api,org.apache.dubbo.config.AbstractInterfaceConfigTest.testProxy
https://github.com/apache/dubbo,737f7a7ea67832d7f17517326fb2491d0a086dd7,./dubbo-config/dubbo-config-api,org.apache.dubbo.config.AbstractInterfaceConfigTest.testRegistries
https://github.com/apache/dubbo,737f7a7ea67832d7f17517326fb2491d0a086dd7,./dubbo-config/dubbo-config-api,org.apache.dubbo.config.AbstractInterfaceConfigTest.testRegistry
https://github.com/apache/dubbo,737f7a7ea67832d7f17517326fb2491d0a086dd7,./dubbo-config/dubbo-config-api,org.apache.dubbo.config.AbstractInterfaceConfigTest.testScope
https://github.com/apache/dubbo,737f7a7ea67832d7f17517326fb2491d0a086dd7,./dubbo-config/dubbo-config-api,org.apache.dubbo.config.AbstractInterfaceConfigTest.testStub
https://github.com/kevinsawicki/http-request,2d62a3e9da726942a93cf16b6e91c0187e6c0136,./lib,com.github.kevinsawicki.http.HttpRequestTest.basicProxyAuthentication
https://github.com/kevinsawicki/http-request,2d62a3e9da726942a93cf16b6e91c0187e6c0136,./lib,com.github.kevinsawicki.http.HttpRequestTest.deleteWithEscapedMappedQueryParams
https://github.com/kevinsawicki/http-request,2d62a3e9da726942a93cf16b6e91c0187e6c0136,./lib,com.github.kevinsawicki.http.HttpRequestTest.deleteWithEscapedVarargsQueryParams
https://github.com/kevinsawicki/http-request,2d62a3e9da726942a93cf16b6e91c0187e6c0136,./lib,com.github.kevinsawicki.http.HttpRequestTest.deleteWithMappedQueryParams
https://github.com/kevinsawicki/http-request,2d62a3e9da726942a93cf16b6e91c0187e6c0136,./lib,com.github.kevinsawicki.http.HttpRequestTest.deleteWithVarargsQueryParams
https://github.com/kevinsawicki/http-request,2d62a3e9da726942a93cf16b6e91c0187e6c0136,./lib,com.github.kevinsawicki.http.HttpRequestTest.getUrlEncodedWithPercent
https://github.com/kevinsawicki/http-request,2d62a3e9da726942a93cf16b6e91c0187e6c0136,./lib,com.github.kevinsawicki.http.HttpRequestTest.getUrlEncodedWithSpace
https://github.com/kevinsawicki/http-request,2d62a3e9da726942a93cf16b6e91c0187e6c0136,./lib,com.github.kevinsawicki.http.HttpRequestTest.getUrlEncodedWithUnicode
https://github.com/kevinsawicki/http-request,2d62a3e9da726942a93cf16b6e91c0187e6c0136,./lib,com.github.kevinsawicki.http.HttpRequestTest.getWithEscapedMappedQueryParams
https://github.com/kevinsawicki/http-request,2d62a3e9da726942a93cf16b6e91c0187e6c0136,./lib,com.github.kevinsawicki.http.HttpRequestTest.getWithEscapedVarargsQueryParams
https://github.com/kevinsawicki/http-request,2d62a3e9da726942a93cf16b6e91c0187e6c0136,./lib,com.github.kevinsawicki.http.HttpRequestTest.getWithMappedQueryParams
https://github.com/kevinsawicki/http-request,2d62a3e9da726942a93cf16b6e91c0187e6c0136,./lib,com.github.kevinsawicki.http.HttpRequestTest.getWithVarargsQueryParams
https://github.com/kevinsawicki/http-request,2d62a3e9da726942a93cf16b6e91c0187e6c0136,./lib,com.github.kevinsawicki.http.HttpRequestTest.headWithEscapedMappedQueryParams
https://github.com/kevinsawicki/http-request,2d62a3e9da726942a93cf16b6e91c0187e6c0136,./lib,com.github.kevinsawicki.http.HttpRequestTest.headWithEscapedVarargsQueryParams
https://github.com/kevinsawicki/http-request,2d62a3e9da726942a93cf16b6e91c0187e6c0136,./lib,com.github.kevinsawicki.http.HttpRequestTest.headWithMappedQueryParams
https://github.com/kevinsawicki/http-request,2d62a3e9da726942a93cf16b6e91c0187e6c0136,./lib,com.github.kevinsawicki.http.HttpRequestTest.headWithVaragsQueryParams
https://github.com/kevinsawicki/http-request,2d62a3e9da726942a93cf16b6e91c0187e6c0136,./lib,com.github.kevinsawicki.http.HttpRequestTest.postWithEscapedMappedQueryParams
https://github.com/kevinsawicki/http-request,2d62a3e9da726942a93cf16b6e91c0187e6c0136,./lib,com.github.kevinsawicki.http.HttpRequestTest.postWithMappedQueryParams
https://github.com/kevinsawicki/http-request,2d62a3e9da726942a93cf16b6e91c0187e6c0136,./lib,com.github.kevinsawicki.http.HttpRequestTest.postWithVaragsQueryParams
https://github.com/kevinsawicki/http-request,2d62a3e9da726942a93cf16b6e91c0187e6c0136,./lib,com.github.kevinsawicki.http.HttpRequestTest.putWithEscapedMappedQueryParams
https://github.com/kevinsawicki/http-request,2d62a3e9da726942a93cf16b6e91c0187e6c0136,./lib,com.github.kevinsawicki.http.HttpRequestTest.putWithEscapedVarargsQueryParams
https://github.com/kevinsawicki/http-request,2d62a3e9da726942a93cf16b6e91c0187e6c0136,./lib,com.github.kevinsawicki.http.HttpRequestTest.putWithMappedQueryParams
https://github.com/kevinsawicki/http-request,2d62a3e9da726942a93cf16b6e91c0187e6c0136,./lib,com.github.kevinsawicki.http.HttpRequestTest.singleSslSocketFactory
https://github.com/kevinsawicki/http-request,2d62a3e9da726942a93cf16b6e91c0187e6c0136,./lib,com.github.kevinsawicki.http.HttpRequestTest.singleVerifier
https://github.com/kevinsawicki/http-request,2d62a3e9da726942a93cf16b6e91c0187e6c0136,./lib,com.github.kevinsawicki.http.HttpRequestTest.verifierAccepts
https://github.com/spring-projects/spring-boot,daa3d457b71896a758995c264977bdd1414ee4d4,./spring-boot-project/spring-boot-actuator-autoconfigure,org.springframework.boot.actuate.autoconfigure.cloudfoundry.reactive.CloudFoundryWebFluxEndpointIntegrationTests.linksToOtherEndpointsWithFullAccess
https://github.com/spring-projects/spring-boot,daa3d457b71896a758995c264977bdd1414ee4d4,./spring-boot-project/spring-boot-actuator-autoconfigure,org.springframework.boot.actuate.autoconfigure.cloudfoundry.reactive.CloudFoundryWebFluxEndpointIntegrationTests.linksToOtherEndpointsWithRestrictedAccess
https://github.com/spring-projects/spring-boot,daa3d457b71896a758995c264977bdd1414ee4d4,./spring-boot-project/spring-boot-actuator-autoconfigure,org.springframework.boot.actuate.autoconfigure.cloudfoundry.reactive.CloudFoundryWebFluxEndpointIntegrationTests.operationWithSecurityInterceptorForbidden
https://github.com/spring-projects/spring-boot,daa3d457b71896a758995c264977bdd1414ee4d4,./spring-boot-project/spring-boot-actuator-autoconfigure,org.springframework.boot.actuate.autoconfigure.cloudfoundry.reactive.CloudFoundryWebFluxEndpointIntegrationTests.operationWithSecurityInterceptorSuccess
https://github.com/spring-projects/spring-boot,daa3d457b71896a758995c264977bdd1414ee4d4,./spring-boot-project/spring-boot-actuator-autoconfigure,org.springframework.boot.actuate.autoconfigure.cloudfoundry.servlet.CloudFoundryMvcWebEndpointIntegrationTests.linksToOtherEndpointsWithFullAccess
https://github.com/spring-projects/spring-boot,daa3d457b71896a758995c264977bdd1414ee4d4,./spring-boot-project/spring-boot-actuator-autoconfigure,org.springframework.boot.actuate.autoconfigure.cloudfoundry.servlet.CloudFoundryMvcWebEndpointIntegrationTests.linksToOtherEndpointsWithRestrictedAccess
https://github.com/spring-projects/spring-boot,daa3d457b71896a758995c264977bdd1414ee4d4,./spring-boot-project/spring-boot-actuator-autoconfigure,org.springframework.boot.actuate.autoconfigure.cloudfoundry.servlet.CloudFoundryMvcWebEndpointIntegrationTests.operationWithSecurityInterceptorForbidden
https://github.com/spring-projects/spring-boot,daa3d457b71896a758995c264977bdd1414ee4d4,./spring-boot-project/spring-boot-actuator-autoconfigure,org.springframework.boot.actuate.autoconfigure.cloudfoundry.servlet.CloudFoundryMvcWebEndpointIntegrationTests.operationWithSecurityInterceptorSuccess
https://github.com/tbsalling/aismessages,7b0c4c708b6bb9a6da3d5737bcad1857ade8a931,.,dk.tbsalling.aismessages.nmea.NMEAMessageHandlerTest.canHandleFragmentedMessageReceived
https://github.com/tbsalling/aismessages,7b0c4c708b6bb9a6da3d5737bcad1857ade8a931,.,dk.tbsalling.aismessages.nmea.NMEAMessageHandlerTest.canHandleUnfragmentedMessageReceived
https://github.com/tools4j/unix4j,367da7d262e682a08577cdf19ebbbdd8a46870fe,./unix4j-core/unix4j-command,org.unix4j.unix.FindFileTimeDependentTest.find_fileCreatedBeforeNow
https://github.com/vmware/admiral,e4b02936cc7d4ff2714e7231db0c4373ba5d48a2,./compute,com.vmware.admiral.compute.container.GroupResourcePlacementServiceTest.testMemoryPlacementReservationRequest
https://github.com/vmware/admiral,e4b02936cc7d4ff2714e7231db0c4373ba5d48a2,./request,com.vmware.admiral.request.kubernetes.RequestBrokerKubernetesServiceTest.testRequestStateHasK8sInfo
https://github.com/alibaba/easyexcel,756f16e42fbd7bc5c7fa18426cbc02fc81a42057,.,com.alibaba.easyexcel.test.core.simple.SimpleDataTest.t03SynchronousRead07
https://github.com/alibaba/easyexcel,756f16e42fbd7bc5c7fa18426cbc02fc81a42057,.,com.alibaba.easyexcel.test.core.simple.SimpleDataTest.t04SynchronousRead03
https://github.com/apache/dubbo,1f84cdcfede5ec9843ecebf39a25d9b995b8098b,dubbo-common,org.apache.dubbo.common.threadlocal.InternalThreadLocalTest.testInternalThreadLocal
https://github.com/apache/dubbo,1f84cdcfede5ec9843ecebf39a25d9b995b8098b,dubbo-common,org.apache.dubbo.common.threadlocal.InternalThreadLocalTest.testInternalThreadLocalMapExpand
https://github.com/apache/dubbo,1f84cdcfede5ec9843ecebf39a25d9b995b8098b,dubbo-common,org.apache.dubbo.common.threadlocal.InternalThreadLocalTest.testMultiThreadSetAndGet
https://github.com/apache/dubbo,1f84cdcfede5ec9843ecebf39a25d9b995b8098b,dubbo-common,org.apache.dubbo.common.threadlocal.InternalThreadLocalTest.testOnRemove
https://github.com/apache/dubbo,1f84cdcfede5ec9843ecebf39a25d9b995b8098b,dubbo-common,org.apache.dubbo.common.threadlocal.InternalThreadLocalTest.testPerformance
https://github.com/apache/dubbo,1f84cdcfede5ec9843ecebf39a25d9b995b8098b,dubbo-common,org.apache.dubbo.common.threadlocal.InternalThreadLocalTest.testPerformanceTradition
https://github.com/apache/dubbo,1f84cdcfede5ec9843ecebf39a25d9b995b8098b,dubbo-common,org.apache.dubbo.common.threadlocal.InternalThreadLocalTest.testRemove
https://github.com/apache/dubbo,1f84cdcfede5ec9843ecebf39a25d9b995b8098b,dubbo-common,org.apache.dubbo.common.threadlocal.InternalThreadLocalTest.testRemoveAll
https://github.com/apache/dubbo,1f84cdcfede5ec9843ecebf39a25d9b995b8098b,dubbo-common,org.apache.dubbo.common.threadlocal.InternalThreadLocalTest.testSetAndGet
https://github.com/apache/dubbo,1f84cdcfede5ec9843ecebf39a25d9b995b8098b,dubbo-common,org.apache.dubbo.common.threadlocal.InternalThreadLocalTest.testSize
https://github.com/apache/hadoop,cc2babc1f75c93bf89a8f10da525f944c15d02ea,hadoop-hdfs-project/hadoop-hdfs-nfs,org.apache.hadoop.hdfs.nfs.nfs3.TestRpcProgramNfs3.testAccess
https://github.com/apache/hadoop,cc2babc1f75c93bf89a8f10da525f944c15d02ea,hadoop-hdfs-project/hadoop-hdfs-nfs,org.apache.hadoop.hdfs.nfs.nfs3.TestRpcProgramNfs3.testCommit
https://github.com/apache/hadoop,cc2babc1f75c93bf89a8f10da525f944c15d02ea,hadoop-hdfs-project/hadoop-hdfs-nfs,org.apache.hadoop.hdfs.nfs.nfs3.TestRpcProgramNfs3.testCreate
https://github.com/apache/hadoop,cc2babc1f75c93bf89a8f10da525f944c15d02ea,hadoop-hdfs-project/hadoop-hdfs-nfs,org.apache.hadoop.hdfs.nfs.nfs3.TestRpcProgramNfs3.testFsinfo
https://github.com/apache/hadoop,cc2babc1f75c93bf89a8f10da525f944c15d02ea,hadoop-hdfs-project/hadoop-hdfs-nfs,org.apache.hadoop.hdfs.nfs.nfs3.TestRpcProgramNfs3.testFsstat
https://github.com/apache/hadoop,cc2babc1f75c93bf89a8f10da525f944c15d02ea,hadoop-hdfs-project/hadoop-hdfs-nfs,org.apache.hadoop.hdfs.nfs.nfs3.TestRpcProgramNfs3.testGetattr
https://github.com/apache/hadoop,cc2babc1f75c93bf89a8f10da525f944c15d02ea,hadoop-hdfs-project/hadoop-hdfs-nfs,org.apache.hadoop.hdfs.nfs.nfs3.TestRpcProgramNfs3.testLookup
https://github.com/apache/hadoop,cc2babc1f75c93bf89a8f10da525f944c15d02ea,hadoop-hdfs-project/hadoop-hdfs-nfs,org.apache.hadoop.hdfs.nfs.nfs3.TestRpcProgramNfs3.testMkdir
https://github.com/apache/hadoop,cc2babc1f75c93bf89a8f10da525f944c15d02ea,hadoop-hdfs-project/hadoop-hdfs-nfs,org.apache.hadoop.hdfs.nfs.nfs3.TestRpcProgramNfs3.testPathconf
https://github.com/apache/hadoop,cc2babc1f75c93bf89a8f10da525f944c15d02ea,hadoop-hdfs-project/hadoop-hdfs-nfs,org.apache.hadoop.hdfs.nfs.nfs3.TestRpcProgramNfs3.testRead
https://github.com/apache/hadoop,cc2babc1f75c93bf89a8f10da525f944c15d02ea,hadoop-hdfs-project/hadoop-hdfs-nfs,org.apache.hadoop.hdfs.nfs.nfs3.TestRpcProgramNfs3.testReaddir
https://github.com/apache/hadoop,cc2babc1f75c93bf89a8f10da525f944c15d02ea,hadoop-hdfs-project/hadoop-hdfs-nfs,org.apache.hadoop.hdfs.nfs.nfs3.TestRpcProgramNfs3.testReaddirplus
https://github.com/apache/hadoop,cc2babc1f75c93bf89a8f10da525f944c15d02ea,hadoop-hdfs-project/hadoop-hdfs-nfs,org.apache.hadoop.hdfs.nfs.nfs3.TestRpcProgramNfs3.testReadlink
https://github.com/apache/hadoop,cc2babc1f75c93bf89a8f10da525f944c15d02ea,hadoop-hdfs-project/hadoop-hdfs-nfs,org.apache.hadoop.hdfs.nfs.nfs3.TestRpcProgramNfs3.testRemove
https://github.com/apache/hadoop,cc2babc1f75c93bf89a8f10da525f944c15d02ea,hadoop-hdfs-project/hadoop-hdfs-nfs,org.apache.hadoop.hdfs.nfs.nfs3.TestRpcProgramNfs3.testRename
https://github.com/apache/hadoop,cc2babc1f75c93bf89a8f10da525f944c15d02ea,hadoop-hdfs-project/hadoop-hdfs-nfs,org.apache.hadoop.hdfs.nfs.nfs3.TestRpcProgramNfs3.testRmdir
https://github.com/apache/hadoop,cc2babc1f75c93bf89a8f10da525f944c15d02ea,hadoop-hdfs-project/hadoop-hdfs-nfs,org.apache.hadoop.hdfs.nfs.nfs3.TestRpcProgramNfs3.testSetattr
https://github.com/apache/hadoop,cc2babc1f75c93bf89a8f10da525f944c15d02ea,hadoop-hdfs-project/hadoop-hdfs-nfs,org.apache.hadoop.hdfs.nfs.nfs3.TestRpcProgramNfs3.testSymlink
https://github.com/apache/hadoop,cc2babc1f75c93bf89a8f10da525f944c15d02ea,hadoop-hdfs-project/hadoop-hdfs-nfs,org.apache.hadoop.hdfs.nfs.nfs3.TestRpcProgramNfs3.testWrite
https://github.com/apache/hadoop,cc2babc1f75c93bf89a8f10da525f944c15d02ea,hadoop-hdfs-project/hadoop-hdfs-nfs,org.apache.hadoop.hdfs.nfs.nfs3.TestViewfsWithNfs3.testNfsRenameSingleNN
https://github.com/apache/hadoop,a585a73c3e02ac62350c136643a5e7f6095a3dbb,hadoop-hdfs-project/hadoop-hdfs-nfs,org.apache.hadoop.hdfs.nfs.nfs3.TestRpcProgramNfs3.testEncryptedReadWrite
https://github.com/apache/incubator-ratis,bc9d7615d8ffa30e79a36b9fd1950af38f0f6a49,ratis-server,org.apache.ratis.server.impl.TestRetryCacheMetrics.testRetryCacheEntryCount
https://github.com/apache/incubator-ratis,bc9d7615d8ffa30e79a36b9fd1950af38f0f6a49,ratis-server,org.apache.ratis.server.metrics.TestLeaderElectionMetrics.testOnLeaderElectionCompletion
https://github.com/biojava/biojava,65ad15fe58dcedd258fee1c14505e424c8536efc,biojava-structure,org.biojava.nbio.structure.align.util.AtomCacheTest.testGetStructureForChainlessDomains
https://github.com/FasterXML/jackson-databind,9b11650a6c3fee9ef9e3fb264d2244f65affc2ee,.,com.fasterxml.jackson.databind.introspect.TestNamingStrategyStd.testUpperSnakeCaseTranslations
https://github.com/jnr/jnr-posix,dbda72ce198a8dd766c30c591d63d726d2a28a7c,.,jnr.posix.GroupTest.getgroups
https://github.com/jnr/jnr-posix,dbda72ce198a8dd766c30c591d63d726d2a28a7c,.,jnr.posix.NlLanginfoTest.testNlLanginfo
https://github.com/jnr/jnr-posix,dbda72ce198a8dd766c30c591d63d726d2a28a7c,.,jnr.posix.SpawnTest.closeInput
https://github.com/jnr/jnr-posix,dbda72ce198a8dd766c30c591d63d726d2a28a7c,.,jnr.posix.SpawnTest.inputPipe
https://github.com/jnr/jnr-posix,dbda72ce198a8dd766c30c591d63d726d2a28a7c,.,jnr.posix.SpawnTest.outputPipe
https://github.com/jnr/jnr-posix,dbda72ce198a8dd766c30c591d63d726d2a28a7c,.,jnr.posix.SpawnTest.validPid
https://github.com/networknt/light-4j,fcded1683dcbd41a968e221494778aa6b71e7428,correlation,com.networknt.correlation.CorrelationHandlerTest.testGetWithoutTid
https://github.com/opengoofy/hippo4j,cf854b3cb3c47fd339421e5a46a3ae3229c53829,infra/common,cn.hippo4j.common.toolkit.logtracing.LogMessageTest.testToStringShouldPrintMessageAndAllKeyAndValuePairs
https://github.com/pinterest/secor,0927a127e3014ee494c97f8c0c25dafe9cf5ac27,.,com.pinterest.secor.io.FileReaderWriterFactoryTest.testDelimitedTextFileReader
https://github.com/pinterest/secor,0927a127e3014ee494c97f8c0c25dafe9cf5ac27,.,com.pinterest.secor.io.FileReaderWriterFactoryTest.testDelimitedTextFileWriter
https://github.com/tbsalling/aismessages,7b0c4c708b6bb9a6da3d5737bcad1857ade8a931,.,dk.tbsalling.aismessages.nmea.NMEAMessageHandlerTest.canHandleFragmentedMessageReceived
https://github.com/tbsalling/aismessages,7b0c4c708b6bb9a6da3d5737bcad1857ade8a931,.,dk.tbsalling.aismessages.nmea.NMEAMessageHandlerTest.canHandleUnfragmentedMessageReceived
https://github.com/tools4j/unix4j,367da7d262e682a08577cdf19ebbbdd8a46870fe,unix4j-core/unix4j-command,org.unix4j.unix.FindFileTimeDependentTest.find_fileCreatedBeforeNow
https://github.com/undertow-io/undertow,d0efffad5d2034bb07525cac9b299dac72c3045d,websockets-jsr,io.undertow.websockets.jsr.test.annotated.AnnotatedEndpointTest.testCloseReason
https://github.com/yangfuhai/jboot,4bffb4dff4ce5190917491a1b68f79efbfe99650,.,io.jboot.test.cache.caffeine.CaffeineTester.testDue
https://github.com/yangfuhai/jboot,4bffb4dff4ce5190917491a1b68f79efbfe99650,.,io.jboot.test.cache.caffeine.CaffeineTester.testGet
https://github.com/yangfuhai/jboot,4bffb4dff4ce5190917491a1b68f79efbfe99650,.,io.jboot.test.cache.caffeine.CaffeineTester.testPut
https://github.com/yangfuhai/jboot,4bffb4dff4ce5190917491a1b68f79efbfe99650,.,io.jboot.test.cache.caffeine.CaffeineTester.testTtl
https://github.com/yangfuhai/jboot,4bffb4dff4ce5190917491a1b68f79efbfe99650,.,io.jboot.test.cache.ehcache.EhCacheTester.testGet
https://github.com/yangfuhai/jboot,4bffb4dff4ce5190917491a1b68f79efbfe99650,.,io.jboot.test.cache.ehcache.EhCacheTester.testPut
