Project URL,SHA Detected,Module Path,Test,Category,Status,Identifier
https://github.com/abel533/Mapper,3c0b3307011fad53f811e08d05147d94fc6c0d67,base,tk.mybatis.mapper.test.country.TestDeleteByPrimaryKey.testDynamicDelete,OD,Accepted,Mapper-3c0b3307011fad53f811e08d05147d94fc6c0d67-se
https://github.com/abel533/Mapper,3c0b3307011fad53f811e08d05147d94fc6c0d67,base,tk.mybatis.mapper.test.country.TestDeleteByPrimaryKey.testDynamicDeleteEntity,OD,Accepted,Mapper-3c0b3307011fad53f811e08d05147d94fc6c0d67-se
https://github.com/abel533/Mapper,3c0b3307011fad53f811e08d05147d94fc6c0d67,base,tk.mybatis.mapper.test.country.TestDeleteByPrimaryKey.testDynamicDeleteException,OD,Accepted,Mapper-3c0b3307011fad53f811e08d05147d94fc6c0d67-se
https://github.com/abel533/Mapper,3c0b3307011fad53f811e08d05147d94fc6c0d67,base,tk.mybatis.mapper.test.country.TestDeleteByPrimaryKey.testDynamicDeleteMap,OD,Accepted,Mapper-3c0b3307011fad53f811e08d05147d94fc6c0d67-se
https://github.com/alibaba/easyexcel,756f16e42fbd7bc5c7fa18426cbc02fc81a42057,.,com.alibaba.easyexcel.test.core.simple.SimpleDataTest.t03SynchronousRead07,OD,Accepted,easyexcel-756f16e42fbd7bc5c7fa18426cbc02fc81a42057-
https://github.com/alibaba/easyexcel,756f16e42fbd7bc5c7fa18426cbc02fc81a42057,.,com.alibaba.easyexcel.test.core.simple.SimpleDataTest.t04SynchronousRead03,OD,Accepted,easyexcel-756f16e42fbd7bc5c7fa18426cbc02fc81a42057-
https://github.com/alibaba/fastjson,e05e9c5e4be580691cc55a59f3256595393203a1,.,com.alibaba.json.bvt.date.DateTest.test_date,OD,Accepted,fastjson-e05e9c5e4be580691cc55a59f3256595393203a1-
https://github.com/alibaba/fastjson,e05e9c5e4be580691cc55a59f3256595393203a1,.,com.alibaba.json.bvt.date.DateTest_tz.test_codec,OD,Accepted,fastjson-e05e9c5e4be580691cc55a59f3256595393203a1-
https://github.com/alibaba/fastjson,e05e9c5e4be580691cc55a59f3256595393203a1,.,com.alibaba.json.bvt.issue_1200.Issue1298.test_for_issue,OD,Accepted,fastjson-e05e9c5e4be580691cc55a59f3256595393203a1-
https://github.com/alibaba/fastjson,e05e9c5e4be580691cc55a59f3256595393203a1,.,com.alibaba.json.bvt.issue_1200.Issue1298.test_for_issue_1,OD,Accepted,fastjson-e05e9c5e4be580691cc55a59f3256595393203a1-
https://github.com/alibaba/fastjson,e05e9c5e4be580691cc55a59f3256595393203a1,.,com.alibaba.json.bvt.issue_1600.Issue1679.test_for_issue,OD,Accepted,fastjson-e05e9c5e4be580691cc55a59f3256595393203a1-
https://github.com/alibaba/fastjson,e05e9c5e4be580691cc55a59f3256595393203a1,.,com.alibaba.json.bvt.issue_1900.Issue1977.test_for_issue,OD,Accepted,fastjson-e05e9c5e4be580691cc55a59f3256595393203a1-
https://github.com/alibaba/fastjson,e05e9c5e4be580691cc55a59f3256595393203a1,.,com.alibaba.json.bvt.parser.DefaultExtJSONParser_parseArray.test_7,OD,Accepted,fastjson-e05e9c5e4be580691cc55a59f3256595393203a1-
https://github.com/alibaba/fastjson,e05e9c5e4be580691cc55a59f3256595393203a1,.,com.alibaba.json.bvt.parser.DefaultExtJSONParser_parseArray.test_8,OD,Accepted,fastjson-e05e9c5e4be580691cc55a59f3256595393203a1-
https://github.com/alibaba/fastjson,e05e9c5e4be580691cc55a59f3256595393203a1,.,com.alibaba.json.bvt.serializer.date.DateTest4_indian.test_date,OD,Accepted,fastjson-e05e9c5e4be580691cc55a59f3256595393203a1-
https://github.com/alibaba/fastjson,e05e9c5e4be580691cc55a59f3256595393203a1,.,com.alibaba.json.bvt.serializer.date.DateTest5_iso8601.test_date,OD,Accepted,fastjson-e05e9c5e4be580691cc55a59f3256595393203a1-
https://github.com/alibaba/fastjson,e05e9c5e4be580691cc55a59f3256595393203a1,.,com.alibaba.json.bvt.serializer.JSONSerializerTest2.test_0,OD,Accepted,fastjson-e05e9c5e4be580691cc55a59f3256595393203a1-
https://github.com/alibaba/nacos,525672272ecb00cd769a13c7b21a8e51cf873f25,api,com.alibaba.nacos.api.naming.pojo.healthcheck.HealthCheckerFactoryTest.testDeserializeExtend,OD-Vic,Accepted,nacos-525672272ecb00cd769a13c7b21a8e51cf873f25-i
https://github.com/alibaba/Sentinel,7e2fa454fa0546c04142a268454faabac79370d0,sentinel-core,com.alibaba.csp.sentinel.config.SentinelConfigTest.testDefaultConfig,OD,Accepted,Sentinel-7e2fa454fa0546c04142a268454faabac79370d0-ntinel-core
https://github.com/alibaba/Sentinel,7e2fa454fa0546c04142a268454faabac79370d0,sentinel-core,com.alibaba.csp.sentinel.TracerTest.setExceptionsToIgnore,OD,Accepted,Sentinel-7e2fa454fa0546c04142a268454faabac79370d0-ntinel-core
https://github.com/alibaba/Sentinel,7e2fa454fa0546c04142a268454faabac79370d0,sentinel-core,com.alibaba.csp.sentinel.TracerTest.setExceptionsToTrace,OD,Accepted,Sentinel-7e2fa454fa0546c04142a268454faabac79370d0-ntinel-core
https://github.com/alien4cloud/alien4cloud,eb57d0feca6c37e0a4aafc3feef494e43e02ecda,alien4cloud-security,alien4cloud.security.LdapAuthenticationProviderTest.testLdapUserImport,OD,Accepted,alien4cloud-eb57d0feca6c37e0a4aafc3feef494e43e02ecda-ien4cloud-security
https://github.com/apache/archiva,292dbe1bb4323dd299d36b78f37d9c1d55c889f8,archiva-modules/archiva-base/archiva-repository-layer,org.apache.archiva.repository.base.managed.BasicManagedRepositoryValidatorTest.apply,OD,Accepted,archiva-292dbe1bb4323dd299d36b78f37d9c1d55c889f8-chiva-modules-archiva-base-archiva-repository-layer
https://github.com/apache/archiva,292dbe1bb4323dd299d36b78f37d9c1d55c889f8,archiva-modules/archiva-base/archiva-repository-layer,org.apache.archiva.repository.base.managed.BasicManagedRepositoryValidatorTest.applyForUpdate,OD,Accepted,archiva-292dbe1bb4323dd299d36b78f37d9c1d55c889f8-chiva-modules-archiva-base-archiva-repository-layer
https://github.com/apache/archiva,292dbe1bb4323dd299d36b78f37d9c1d55c889f8,archiva-modules/archiva-base/archiva-repository-layer,org.apache.archiva.repository.base.managed.BasicManagedRepositoryValidatorTest.applyUpdateWithExistingRepo,OD,Accepted,archiva-292dbe1bb4323dd299d36b78f37d9c1d55c889f8-chiva-modules-archiva-base-archiva-repository-layer
https://github.com/apache/archiva,292dbe1bb4323dd299d36b78f37d9c1d55c889f8,archiva-modules/archiva-base/archiva-repository-layer,org.apache.archiva.repository.base.managed.BasicManagedRepositoryValidatorTest.applyWithBadName,OD,Accepted,archiva-292dbe1bb4323dd299d36b78f37d9c1d55c889f8-chiva-modules-archiva-base-archiva-repository-layer
https://github.com/apache/archiva,292dbe1bb4323dd299d36b78f37d9c1d55c889f8,archiva-modules/archiva-base/archiva-repository-layer,org.apache.archiva.repository.base.managed.BasicManagedRepositoryValidatorTest.applyWithBadSchedulingExpression,OD,Accepted,archiva-292dbe1bb4323dd299d36b78f37d9c1d55c889f8-chiva-modules-archiva-base-archiva-repository-layer
https://github.com/apache/archiva,292dbe1bb4323dd299d36b78f37d9c1d55c889f8,archiva-modules/archiva-base/archiva-repository-layer,org.apache.archiva.repository.base.managed.BasicManagedRepositoryValidatorTest.applyWithEmptyId,OD,Accepted,archiva-292dbe1bb4323dd299d36b78f37d9c1d55c889f8-chiva-modules-archiva-base-archiva-repository-layer
https://github.com/apache/archiva,292dbe1bb4323dd299d36b78f37d9c1d55c889f8,archiva-modules/archiva-base/archiva-repository-layer,org.apache.archiva.repository.base.managed.BasicManagedRepositoryValidatorTest.applyWithExistingRepo,OD,Accepted,archiva-292dbe1bb4323dd299d36b78f37d9c1d55c889f8-chiva-modules-archiva-base-archiva-repository-layer
https://github.com/apache/archiva,292dbe1bb4323dd299d36b78f37d9c1d55c889f8,archiva-modules/archiva-base/archiva-repository-layer,org.apache.archiva.repository.base.managed.BasicManagedRepositoryValidatorTest.applyWithNullObject,OD,Accepted,archiva-292dbe1bb4323dd299d36b78f37d9c1d55c889f8-chiva-modules-archiva-base-archiva-repository-layer
https://github.com/apache/archiva,292dbe1bb4323dd299d36b78f37d9c1d55c889f8,archiva-modules/archiva-base/archiva-repository-layer,org.apache.archiva.repository.base.managed.BasicManagedRepositoryValidatorTest.getFlavour,OD,Accepted,archiva-292dbe1bb4323dd299d36b78f37d9c1d55c889f8-chiva-modules-archiva-base-archiva-repository-layer
https://github.com/apache/archiva,292dbe1bb4323dd299d36b78f37d9c1d55c889f8,archiva-modules/archiva-base/archiva-repository-layer,org.apache.archiva.repository.base.managed.BasicManagedRepositoryValidatorTest.isFlavour,OD,Accepted,archiva-292dbe1bb4323dd299d36b78f37d9c1d55c889f8-chiva-modules-archiva-base-archiva-repository-layer
https://github.com/apache/cxf,69925893ed0e8a8fdfe1164b4e097a5cf5524027,core,org.apache.cxf.attachment.AttachmentUtilTest.bigIntAsAttachmentMaxSize,OD-Vic,Accepted,cxf-69925893ed0e8a8fdfe1164b4e097a5cf5524027-re
https://github.com/apache/cxf,69925893ed0e8a8fdfe1164b4e097a5cf5524027,core,org.apache.cxf.attachment.AttachmentUtilTest.byteAsAttachmentMaxSize,OD-Vic,Accepted,cxf-69925893ed0e8a8fdfe1164b4e097a5cf5524027-re
https://github.com/apache/cxf,69925893ed0e8a8fdfe1164b4e097a5cf5524027,core,org.apache.cxf.attachment.AttachmentUtilTest.fileAsAttachmentDirectory,OD-Vic,Accepted,cxf-69925893ed0e8a8fdfe1164b4e097a5cf5524027-re
https://github.com/apache/cxf,69925893ed0e8a8fdfe1164b4e097a5cf5524027,core,org.apache.cxf.attachment.AttachmentUtilTest.integerAsAttachmentMaxSize,OD-Vic,Accepted,cxf-69925893ed0e8a8fdfe1164b4e097a5cf5524027-re
https://github.com/apache/cxf,69925893ed0e8a8fdfe1164b4e097a5cf5524027,core,org.apache.cxf.attachment.AttachmentUtilTest.longAsAttachmentMaxSize,OD-Vic,Accepted,cxf-69925893ed0e8a8fdfe1164b4e097a5cf5524027-re
https://github.com/apache/cxf,69925893ed0e8a8fdfe1164b4e097a5cf5524027,core,org.apache.cxf.attachment.AttachmentUtilTest.numberStringAsAttachmentMaxSize,OD-Vic,Accepted,cxf-69925893ed0e8a8fdfe1164b4e097a5cf5524027-re
https://github.com/apache/cxf,69925893ed0e8a8fdfe1164b4e097a5cf5524027,core,org.apache.cxf.attachment.AttachmentUtilTest.shortAsAttachmentMaxSize,OD-Vic,Accepted,cxf-69925893ed0e8a8fdfe1164b4e097a5cf5524027-re
https://github.com/apache/cxf,69925893ed0e8a8fdfe1164b4e097a5cf5524027,core,org.apache.cxf.attachment.AttachmentUtilTest.stringAsAttachmentDirectory,OD-Vic,Accepted,cxf-69925893ed0e8a8fdfe1164b4e097a5cf5524027-re
https://github.com/apache/cxf,69925893ed0e8a8fdfe1164b4e097a5cf5524027,core,org.apache.cxf.io.CacheAndWriteOutputStreamTest.testDeleteTmpFile,OD-Brit,Accepted,cxf-69925893ed0e8a8fdfe1164b4e097a5cf5524027-re
https://github.com/apache/cxf,69925893ed0e8a8fdfe1164b4e097a5cf5524027,core,org.apache.cxf.io.CachedOutputStreamTest.testDeleteTmpFile,OD-Brit,Accepted,cxf-69925893ed0e8a8fdfe1164b4e097a5cf5524027-re
https://github.com/apache/dubbo,737f7a7ea67832d7f17517326fb2491d0a086dd7,dubbo-serialization/dubbo-serialization-fst,org.apache.dubbo.common.serialize.fst.FstObjectInputTest.testEmptyByteArrayForEmptyInput,OD-Vic,Accepted,dubbo-737f7a7ea67832d7f17517326fb2491d0a086dd7-bbo-serialization-dubbo-serialization-fst
https://github.com/apache/dubbo,1f84cdcfede5ec9843ecebf39a25d9b995b8098b,dubbo-common,org.apache.dubbo.common.threadlocal.InternalThreadLocalTest.testInternalThreadLocal,OD-Vic,Accepted,dubbo-1f84cdcfede5ec9843ecebf39a25d9b995b8098b-bbo-common
https://github.com/apache/dubbo,1f84cdcfede5ec9843ecebf39a25d9b995b8098b,dubbo-common,org.apache.dubbo.common.threadlocal.InternalThreadLocalTest.testInternalThreadLocalMapExpand,OD-Vic,Accepted,dubbo-1f84cdcfede5ec9843ecebf39a25d9b995b8098b-bbo-common
https://github.com/apache/dubbo,1f84cdcfede5ec9843ecebf39a25d9b995b8098b,dubbo-common,org.apache.dubbo.common.threadlocal.InternalThreadLocalTest.testMultiThreadSetAndGet,OD-Vic,Accepted,dubbo-1f84cdcfede5ec9843ecebf39a25d9b995b8098b-bbo-common
https://github.com/apache/dubbo,1f84cdcfede5ec9843ecebf39a25d9b995b8098b,dubbo-common,org.apache.dubbo.common.threadlocal.InternalThreadLocalTest.testOnRemove,OD-Vic,Accepted,dubbo-1f84cdcfede5ec9843ecebf39a25d9b995b8098b-bbo-common
https://github.com/apache/dubbo,1f84cdcfede5ec9843ecebf39a25d9b995b8098b,dubbo-common,org.apache.dubbo.common.threadlocal.InternalThreadLocalTest.testPerformance,OD-Vic,Accepted,dubbo-1f84cdcfede5ec9843ecebf39a25d9b995b8098b-bbo-common
https://github.com/apache/dubbo,1f84cdcfede5ec9843ecebf39a25d9b995b8098b,dubbo-common,org.apache.dubbo.common.threadlocal.InternalThreadLocalTest.testPerformanceTradition,OD-Vic,Accepted,dubbo-1f84cdcfede5ec9843ecebf39a25d9b995b8098b-bbo-common
https://github.com/apache/dubbo,1f84cdcfede5ec9843ecebf39a25d9b995b8098b,dubbo-common,org.apache.dubbo.common.threadlocal.InternalThreadLocalTest.testRemove,OD-Vic,Accepted,dubbo-1f84cdcfede5ec9843ecebf39a25d9b995b8098b-bbo-common
https://github.com/apache/dubbo,1f84cdcfede5ec9843ecebf39a25d9b995b8098b,dubbo-common,org.apache.dubbo.common.threadlocal.InternalThreadLocalTest.testRemoveAll,OD-Vic,Accepted,dubbo-1f84cdcfede5ec9843ecebf39a25d9b995b8098b-bbo-common
https://github.com/apache/dubbo,1f84cdcfede5ec9843ecebf39a25d9b995b8098b,dubbo-common,org.apache.dubbo.common.threadlocal.InternalThreadLocalTest.testSetAndGet,OD-Vic,Accepted,dubbo-1f84cdcfede5ec9843ecebf39a25d9b995b8098b-bbo-common
https://github.com/apache/dubbo,1f84cdcfede5ec9843ecebf39a25d9b995b8098b,dubbo-common,org.apache.dubbo.common.threadlocal.InternalThreadLocalTest.testSize,NIO;OD-Vic,Accepted,dubbo-1f84cdcfede5ec9843ecebf39a25d9b995b8098b-bbo-common
https://github.com/apache/dubbo,5349c13a36d277a090e1dc68fbe7c3b46d78fc90,dubbo-common,org.apache.dubbo.common.utils.PojoUtilsTest.testArrayToCollection,OD-Vic,Accepted,dubbo-5349c13a36d277a090e1dc68fbe7c3b46d78fc90-bbo-common
https://github.com/apache/dubbo,5349c13a36d277a090e1dc68fbe7c3b46d78fc90,dubbo-common,org.apache.dubbo.common.utils.PojoUtilsTest.testCollectionToArray,OD-Vic,Accepted,dubbo-5349c13a36d277a090e1dc68fbe7c3b46d78fc90-bbo-common
https://github.com/apache/dubbo,5349c13a36d277a090e1dc68fbe7c3b46d78fc90,dubbo-common,org.apache.dubbo.common.utils.PojoUtilsTest.testListPojoListPojo,OD-Vic,Accepted,dubbo-5349c13a36d277a090e1dc68fbe7c3b46d78fc90-bbo-common
https://github.com/apache/dubbo,5349c13a36d277a090e1dc68fbe7c3b46d78fc90,dubbo-common,org.apache.dubbo.common.utils.PojoUtilsTest.testMapField,OD-Vic,Accepted,dubbo-5349c13a36d277a090e1dc68fbe7c3b46d78fc90-bbo-common
https://github.com/apache/dubbo,5349c13a36d277a090e1dc68fbe7c3b46d78fc90,dubbo-common,org.apache.dubbo.common.utils.PojoUtilsTest.testPojoList,OD-Vic,Accepted,dubbo-5349c13a36d277a090e1dc68fbe7c3b46d78fc90-bbo-common
https://github.com/apache/dubbo,5349c13a36d277a090e1dc68fbe7c3b46d78fc90,dubbo-common,org.apache.dubbo.common.utils.PojoUtilsTest.testPublicField,OD-Vic,Accepted,dubbo-5349c13a36d277a090e1dc68fbe7c3b46d78fc90-bbo-common
https://github.com/apache/dubbo,5349c13a36d277a090e1dc68fbe7c3b46d78fc90,dubbo-common,org.apache.dubbo.common.utils.PojoUtilsTest.testRealizeLinkedList,OD-Vic,Accepted,dubbo-5349c13a36d277a090e1dc68fbe7c3b46d78fc90-bbo-common
https://github.com/apache/dubbo,5349c13a36d277a090e1dc68fbe7c3b46d78fc90,dubbo-common,org.apache.dubbo.common.utils.PojoUtilsTest.testStackOverflow,OD-Vic,Accepted,dubbo-5349c13a36d277a090e1dc68fbe7c3b46d78fc90-bbo-common
https://github.com/apache/dubbo,5349c13a36d277a090e1dc68fbe7c3b46d78fc90,dubbo-common,org.apache.dubbo.common.utils.PojoUtilsTest.test_has_no_nullary_constructor_pojo,OD-Vic,Accepted,dubbo-5349c13a36d277a090e1dc68fbe7c3b46d78fc90-bbo-common
https://github.com/apache/dubbo,5349c13a36d277a090e1dc68fbe7c3b46d78fc90,dubbo-common,org.apache.dubbo.common.utils.PojoUtilsTest.test_LoopPojoInList,OD-Vic,Accepted,dubbo-5349c13a36d277a090e1dc68fbe7c3b46d78fc90-bbo-common
https://github.com/apache/dubbo,5349c13a36d277a090e1dc68fbe7c3b46d78fc90,dubbo-common,org.apache.dubbo.common.utils.PojoUtilsTest.test_LoopPojoInMap,OD-Vic,Accepted,dubbo-5349c13a36d277a090e1dc68fbe7c3b46d78fc90-bbo-common
https://github.com/apache/dubbo,5349c13a36d277a090e1dc68fbe7c3b46d78fc90,dubbo-common,org.apache.dubbo.common.utils.PojoUtilsTest.test_Loop_pojo,OD-Vic,Accepted,dubbo-5349c13a36d277a090e1dc68fbe7c3b46d78fc90-bbo-common
https://github.com/apache/dubbo,5349c13a36d277a090e1dc68fbe7c3b46d78fc90,dubbo-common,org.apache.dubbo.common.utils.PojoUtilsTest.test_Map_List_pojo,OD-Vic,Accepted,dubbo-5349c13a36d277a090e1dc68fbe7c3b46d78fc90-bbo-common
https://github.com/apache/dubbo,5349c13a36d277a090e1dc68fbe7c3b46d78fc90,dubbo-common,org.apache.dubbo.common.utils.PojoUtilsTest.test_pojo,OD-Vic,Accepted,dubbo-5349c13a36d277a090e1dc68fbe7c3b46d78fc90-bbo-common
https://github.com/apache/dubbo,5349c13a36d277a090e1dc68fbe7c3b46d78fc90,dubbo-common,org.apache.dubbo.common.utils.PojoUtilsTest.test_PojoArray,OD-Vic,Accepted,dubbo-5349c13a36d277a090e1dc68fbe7c3b46d78fc90-bbo-common
https://github.com/apache/dubbo,5349c13a36d277a090e1dc68fbe7c3b46d78fc90,dubbo-common,org.apache.dubbo.common.utils.PojoUtilsTest.test_PojoInList,OD-Vic,Accepted,dubbo-5349c13a36d277a090e1dc68fbe7c3b46d78fc90-bbo-common
https://github.com/apache/dubbo,5349c13a36d277a090e1dc68fbe7c3b46d78fc90,dubbo-common,org.apache.dubbo.common.utils.PojoUtilsTest.test_simpleCollection,OD-Vic,Accepted,dubbo-5349c13a36d277a090e1dc68fbe7c3b46d78fc90-bbo-common
https://github.com/apache/dubbo,5349c13a36d277a090e1dc68fbe7c3b46d78fc90,dubbo-common,org.apache.dubbo.common.utils.PojoUtilsTest.test_total,OD-Vic,Accepted,dubbo-5349c13a36d277a090e1dc68fbe7c3b46d78fc90-bbo-common
https://github.com/apache/dubbo,5349c13a36d277a090e1dc68fbe7c3b46d78fc90,dubbo-common,org.apache.dubbo.common.utils.PojoUtilsTest.test_total_Array,OD-Vic,Accepted,dubbo-5349c13a36d277a090e1dc68fbe7c3b46d78fc90-bbo-common
https://github.com/apache/dubbo,737f7a7ea67832d7f17517326fb2491d0a086dd7,dubbo-registry/dubbo-registry-default,org.apache.dubbo.registry.dubbo.RegistryProtocolTest.testDestoryRegistry,OD,Accepted,dubbo-737f7a7ea67832d7f17517326fb2491d0a086dd7-bbo-registry-dubbo-registry-default
https://github.com/apache/dubbo,737f7a7ea67832d7f17517326fb2491d0a086dd7,dubbo-registry/dubbo-registry-default,org.apache.dubbo.registry.dubbo.RegistryProtocolTest.testNotifyOverride,OD,Accepted,dubbo-737f7a7ea67832d7f17517326fb2491d0a086dd7-bbo-registry-dubbo-registry-default
https://github.com/apache/dubbo,737f7a7ea67832d7f17517326fb2491d0a086dd7,dubbo-registry/dubbo-registry-default,org.apache.dubbo.registry.dubbo.RegistryProtocolTest.testNotifyOverride_notmatch,OD,Accepted,dubbo-737f7a7ea67832d7f17517326fb2491d0a086dd7-bbo-registry-dubbo-registry-default
https://github.com/apache/dubbo,737f7a7ea67832d7f17517326fb2491d0a086dd7,dubbo-cluster,org.apache.dubbo.rpc.cluster.StickyTest.testMethodStickyNoCheck,NIO;OD-Vic,Accepted,dubbo-737f7a7ea67832d7f17517326fb2491d0a086dd7-bbo-cluster
https://github.com/apache/dubbo,737f7a7ea67832d7f17517326fb2491d0a086dd7,dubbo-cluster,org.apache.dubbo.rpc.cluster.StickyTest.testStickyNoCheck,NIO;OD-Vic,Accepted,dubbo-737f7a7ea67832d7f17517326fb2491d0a086dd7-bbo-cluster
https://github.com/apache/dubbo,737f7a7ea67832d7f17517326fb2491d0a086dd7,dubbo-rpc/dubbo-rpc-dubbo,org.apache.dubbo.rpc.protocol.dubbo.DubboProtocolTest.testDubboProtocolWithMina,OD-Brit,Accepted,dubbo-737f7a7ea67832d7f17517326fb2491d0a086dd7-bbo-rpc-dubbo-rpc-dubbo
https://github.com/apache/dubbo,737f7a7ea67832d7f17517326fb2491d0a086dd7,dubbo-rpc/dubbo-rpc-dubbo,org.apache.dubbo.rpc.protocol.dubbo.telnet.ChangeTelnetHandlerTest.testChangeServiceNotExport,OD-Vic,Accepted,dubbo-737f7a7ea67832d7f17517326fb2491d0a086dd7-bbo-rpc-dubbo-rpc-dubbo
https://github.com/apache/dubbo,737f7a7ea67832d7f17517326fb2491d0a086dd7,dubbo-rpc/dubbo-rpc-dubbo,org.apache.dubbo.rpc.protocol.dubbo.telnet.PortTelnetHandlerTest.testListAllPort,OD-Vic,Accepted,dubbo-737f7a7ea67832d7f17517326fb2491d0a086dd7-bbo-rpc-dubbo-rpc-dubbo
https://github.com/apache/dubbo,737f7a7ea67832d7f17517326fb2491d0a086dd7,dubbo-rpc/dubbo-rpc-dubbo,org.apache.dubbo.rpc.protocol.dubbo.telnet.PortTelnetHandlerTest.testListDetail,OD-Vic,Accepted,dubbo-737f7a7ea67832d7f17517326fb2491d0a086dd7-bbo-rpc-dubbo-rpc-dubbo
https://github.com/apache/dubbo,737f7a7ea67832d7f17517326fb2491d0a086dd7,dubbo-rpc/dubbo-rpc-api,org.apache.dubbo.rpc.proxy.javassist.JavassistProxyFactoryTest.testGetInvoker,OD-Vic,Accepted,dubbo-737f7a7ea67832d7f17517326fb2491d0a086dd7-bbo-rpc-dubbo-rpc-api
https://github.com/apache/dubbo,737f7a7ea67832d7f17517326fb2491d0a086dd7,dubbo-rpc/dubbo-rpc-api,org.apache.dubbo.rpc.proxy.jdk.JdkProxyFactoryTest.testGetInvoker,OD-Vic,Accepted,dubbo-737f7a7ea67832d7f17517326fb2491d0a086dd7-bbo-rpc-dubbo-rpc-api
https://github.com/apache/hadoop,cc2babc1f75c93bf89a8f10da525f944c15d02ea,hadoop-hdfs-project/hadoop-hdfs-nfs,org.apache.hadoop.hdfs.nfs.nfs3.TestRpcProgramNfs3.testAccess,OD-Vic,Accepted,hadoop-cc2babc1f75c93bf89a8f10da525f944c15d02ea-doop-hdfs-project-hadoop-hdfs-nfs
https://github.com/apache/hadoop,cc2babc1f75c93bf89a8f10da525f944c15d02ea,hadoop-hdfs-project/hadoop-hdfs-nfs,org.apache.hadoop.hdfs.nfs.nfs3.TestRpcProgramNfs3.testCommit,OD-Vic,Accepted,hadoop-cc2babc1f75c93bf89a8f10da525f944c15d02ea-doop-hdfs-project-hadoop-hdfs-nfs
https://github.com/apache/hadoop,cc2babc1f75c93bf89a8f10da525f944c15d02ea,hadoop-hdfs-project/hadoop-hdfs-nfs,org.apache.hadoop.hdfs.nfs.nfs3.TestRpcProgramNfs3.testCreate,OD-Vic,Accepted,hadoop-cc2babc1f75c93bf89a8f10da525f944c15d02ea-doop-hdfs-project-hadoop-hdfs-nfs
https://github.com/apache/hadoop,a585a73c3e02ac62350c136643a5e7f6095a3dbb,hadoop-hdfs-project/hadoop-hdfs-nfs,org.apache.hadoop.hdfs.nfs.nfs3.TestRpcProgramNfs3.testEncryptedReadWrite,OD,Accepted,hadoop-a585a73c3e02ac62350c136643a5e7f6095a3dbb-doop-hdfs-project-hadoop-hdfs-nfs
https://github.com/apache/hadoop,cc2babc1f75c93bf89a8f10da525f944c15d02ea,hadoop-hdfs-project/hadoop-hdfs-nfs,org.apache.hadoop.hdfs.nfs.nfs3.TestRpcProgramNfs3.testFsinfo,OD-Vic,Accepted,hadoop-cc2babc1f75c93bf89a8f10da525f944c15d02ea-doop-hdfs-project-hadoop-hdfs-nfs
https://github.com/apache/hadoop,cc2babc1f75c93bf89a8f10da525f944c15d02ea,hadoop-hdfs-project/hadoop-hdfs-nfs,org.apache.hadoop.hdfs.nfs.nfs3.TestRpcProgramNfs3.testFsstat,OD-Vic,Accepted,hadoop-cc2babc1f75c93bf89a8f10da525f944c15d02ea-doop-hdfs-project-hadoop-hdfs-nfs
https://github.com/apache/hadoop,cc2babc1f75c93bf89a8f10da525f944c15d02ea,hadoop-hdfs-project/hadoop-hdfs-nfs,org.apache.hadoop.hdfs.nfs.nfs3.TestRpcProgramNfs3.testGetattr,OD-Vic,Accepted,hadoop-cc2babc1f75c93bf89a8f10da525f944c15d02ea-doop-hdfs-project-hadoop-hdfs-nfs
https://github.com/apache/hadoop,cc2babc1f75c93bf89a8f10da525f944c15d02ea,hadoop-hdfs-project/hadoop-hdfs-nfs,org.apache.hadoop.hdfs.nfs.nfs3.TestRpcProgramNfs3.testLookup,OD-Vic,Accepted,hadoop-cc2babc1f75c93bf89a8f10da525f944c15d02ea-doop-hdfs-project-hadoop-hdfs-nfs
https://github.com/apache/hadoop,cc2babc1f75c93bf89a8f10da525f944c15d02ea,hadoop-hdfs-project/hadoop-hdfs-nfs,org.apache.hadoop.hdfs.nfs.nfs3.TestRpcProgramNfs3.testMkdir,OD-Vic,Accepted,hadoop-cc2babc1f75c93bf89a8f10da525f944c15d02ea-doop-hdfs-project-hadoop-hdfs-nfs
https://github.com/apache/hadoop,cc2babc1f75c93bf89a8f10da525f944c15d02ea,hadoop-hdfs-project/hadoop-hdfs-nfs,org.apache.hadoop.hdfs.nfs.nfs3.TestRpcProgramNfs3.testPathconf,OD-Vic,Accepted,hadoop-cc2babc1f75c93bf89a8f10da525f944c15d02ea-doop-hdfs-project-hadoop-hdfs-nfs
https://github.com/apache/hadoop,cc2babc1f75c93bf89a8f10da525f944c15d02ea,hadoop-hdfs-project/hadoop-hdfs-nfs,org.apache.hadoop.hdfs.nfs.nfs3.TestRpcProgramNfs3.testRead,OD-Vic,Accepted,hadoop-cc2babc1f75c93bf89a8f10da525f944c15d02ea-doop-hdfs-project-hadoop-hdfs-nfs
https://github.com/apache/hadoop,cc2babc1f75c93bf89a8f10da525f944c15d02ea,hadoop-hdfs-project/hadoop-hdfs-nfs,org.apache.hadoop.hdfs.nfs.nfs3.TestRpcProgramNfs3.testReaddir,OD-Vic,Accepted,hadoop-cc2babc1f75c93bf89a8f10da525f944c15d02ea-doop-hdfs-project-hadoop-hdfs-nfs
https://github.com/apache/hadoop,cc2babc1f75c93bf89a8f10da525f944c15d02ea,hadoop-hdfs-project/hadoop-hdfs-nfs,org.apache.hadoop.hdfs.nfs.nfs3.TestRpcProgramNfs3.testReaddirplus,OD-Vic,Accepted,hadoop-cc2babc1f75c93bf89a8f10da525f944c15d02ea-doop-hdfs-project-hadoop-hdfs-nfs
https://github.com/apache/hadoop,cc2babc1f75c93bf89a8f10da525f944c15d02ea,hadoop-hdfs-project/hadoop-hdfs-nfs,org.apache.hadoop.hdfs.nfs.nfs3.TestRpcProgramNfs3.testReadlink,OD-Vic,Accepted,hadoop-cc2babc1f75c93bf89a8f10da525f944c15d02ea-doop-hdfs-project-hadoop-hdfs-nfs
https://github.com/apache/hadoop,cc2babc1f75c93bf89a8f10da525f944c15d02ea,hadoop-hdfs-project/hadoop-hdfs-nfs,org.apache.hadoop.hdfs.nfs.nfs3.TestRpcProgramNfs3.testRemove,OD-Vic,Accepted,hadoop-cc2babc1f75c93bf89a8f10da525f944c15d02ea-doop-hdfs-project-hadoop-hdfs-nfs
https://github.com/apache/hadoop,cc2babc1f75c93bf89a8f10da525f944c15d02ea,hadoop-hdfs-project/hadoop-hdfs-nfs,org.apache.hadoop.hdfs.nfs.nfs3.TestRpcProgramNfs3.testRename,OD-Vic,Accepted,hadoop-cc2babc1f75c93bf89a8f10da525f944c15d02ea-doop-hdfs-project-hadoop-hdfs-nfs
https://github.com/apache/hadoop,cc2babc1f75c93bf89a8f10da525f944c15d02ea,hadoop-hdfs-project/hadoop-hdfs-nfs,org.apache.hadoop.hdfs.nfs.nfs3.TestRpcProgramNfs3.testRmdir,OD-Vic,Accepted,hadoop-cc2babc1f75c93bf89a8f10da525f944c15d02ea-doop-hdfs-project-hadoop-hdfs-nfs
https://github.com/apache/hadoop,cc2babc1f75c93bf89a8f10da525f944c15d02ea,hadoop-hdfs-project/hadoop-hdfs-nfs,org.apache.hadoop.hdfs.nfs.nfs3.TestRpcProgramNfs3.testSetattr,OD-Vic,Accepted,hadoop-cc2babc1f75c93bf89a8f10da525f944c15d02ea-doop-hdfs-project-hadoop-hdfs-nfs
https://github.com/apache/hadoop,cc2babc1f75c93bf89a8f10da525f944c15d02ea,hadoop-hdfs-project/hadoop-hdfs-nfs,org.apache.hadoop.hdfs.nfs.nfs3.TestRpcProgramNfs3.testSymlink,OD-Vic,Accepted,hadoop-cc2babc1f75c93bf89a8f10da525f944c15d02ea-doop-hdfs-project-hadoop-hdfs-nfs
https://github.com/apache/hadoop,cc2babc1f75c93bf89a8f10da525f944c15d02ea,hadoop-hdfs-project/hadoop-hdfs-nfs,org.apache.hadoop.hdfs.nfs.nfs3.TestRpcProgramNfs3.testWrite,OD-Vic,Accepted,hadoop-cc2babc1f75c93bf89a8f10da525f944c15d02ea-doop-hdfs-project-hadoop-hdfs-nfs
https://github.com/apache/hadoop,cc2babc1f75c93bf89a8f10da525f944c15d02ea,hadoop-hdfs-project/hadoop-hdfs-nfs,org.apache.hadoop.hdfs.nfs.nfs3.TestViewfsWithNfs3.testNfsRenameSingleNN,NIO;OD-Vic,Accepted,hadoop-cc2babc1f75c93bf89a8f10da525f944c15d02ea-doop-hdfs-project-hadoop-hdfs-nfs
https://github.com/apache/incubator-ratis,bc9d7615d8ffa30e79a36b9fd1950af38f0f6a49,ratis-server,org.apache.ratis.server.impl.TestRetryCacheMetrics.testRetryCacheEntryCount,OD,Accepted,incubator-ratis-bc9d7615d8ffa30e79a36b9fd1950af38f0f6a49-tis-server
https://github.com/apache/incubator-ratis,bc9d7615d8ffa30e79a36b9fd1950af38f0f6a49,ratis-server,org.apache.ratis.server.metrics.TestLeaderElectionMetrics.testOnLeaderElectionCompletion,OD,Accepted,incubator-ratis-bc9d7615d8ffa30e79a36b9fd1950af38f0f6a49-tis-server
https://github.com/apache/karaf,b368a87cba0f0e235d5dae72fd6c3559b50fb75c,.,org.apache.karaf.main.MainLockingTest.testLostMasterLockAfterThreshold,OD,Accepted,karaf-b368a87cba0f0e235d5dae72fd6c3559b50fb75c-
https://github.com/apache/shardingsphere-elasticjob,b022898ef1b8c984e17efb2a422ee45f6b13e46e,elastic-job-lite-core,io.elasticjob.lite.internal.failover.FailoverServiceTest.assertGetLocalFailoverItemsIfShutdown,OD-Vic,Accepted,shardingsphere-elasticjob-b022898ef1b8c984e17efb2a422ee45f6b13e46e-astic-job-lite-core
https://github.com/apache/shardingsphere-elasticjob,b022898ef1b8c984e17efb2a422ee45f6b13e46e,elastic-job-lite-core,io.elasticjob.lite.internal.instance.ShutdownListenerManagerTest.assertIsShutdownAlready,OD-Vic,Accepted,shardingsphere-elasticjob-b022898ef1b8c984e17efb2a422ee45f6b13e46e-astic-job-lite-core
https://github.com/apache/shardingsphere-elasticjob,b022898ef1b8c984e17efb2a422ee45f6b13e46e,elastic-job-lite-core,io.elasticjob.lite.internal.instance.TriggerListenerManagerTest.assertTriggerWhenJobIsNotRunning,OD,Accepted,shardingsphere-elasticjob-b022898ef1b8c984e17efb2a422ee45f6b13e46e-astic-job-lite-core
https://github.com/apache/shardingsphere-elasticjob,b022898ef1b8c984e17efb2a422ee45f6b13e46e,elastic-job-lite-core,io.elasticjob.lite.internal.schedule.JobRegistryTest.assertGetCurrentShardingTotalCountIfNull,OD-Vic,Accepted,shardingsphere-elasticjob-b022898ef1b8c984e17efb2a422ee45f6b13e46e-astic-job-lite-core
https://github.com/apache/shardingsphere-elasticjob,b022898ef1b8c984e17efb2a422ee45f6b13e46e,elastic-job-lite-core,io.elasticjob.lite.internal.sharding.ShardingListenerManagerTest.assertListenServersChangedJobListenerWhenIsInstanceChangeButJobInstanceIsShutdown,OD,Accepted,shardingsphere-elasticjob-b022898ef1b8c984e17efb2a422ee45f6b13e46e-astic-job-lite-core
https://github.com/apache/shardingsphere-elasticjob,b022898ef1b8c984e17efb2a422ee45f6b13e46e,elastic-job-lite-core,io.elasticjob.lite.reg.zookeeper.ZookeeperRegistryCenterModifyTest.assertPersistEphemeralSequential,OD-Vic,Accepted,shardingsphere-elasticjob-b022898ef1b8c984e17efb2a422ee45f6b13e46e-astic-job-lite-core
https://github.com/apache/shenyu,10375c5204c67f9889235f19fe2d6e8eb0438a5a,shenyu-client/shenyu-client-http/shenyu-client-springmvc,org.apache.shenyu.client.springmvc.init.SpringMvcClientEventListenerTest.testNormalBeanProcess,OD,Accepted,shenyu-10375c5204c67f9889235f19fe2d6e8eb0438a5a-enyu-client-shenyu-client-http-shenyu-client-springmvc
https://github.com/apache/shenyu,10375c5204c67f9889235f19fe2d6e8eb0438a5a,shenyu-client/shenyu-client-http/shenyu-client-springmvc,org.apache.shenyu.client.springmvc.init.SpringMvcClientEventListenerTest.testOnApplicationEventError,OD,Accepted,shenyu-10375c5204c67f9889235f19fe2d6e8eb0438a5a-enyu-client-shenyu-client-http-shenyu-client-springmvc
https://github.com/apache/shenyu,10375c5204c67f9889235f19fe2d6e8eb0438a5a,shenyu-client/shenyu-client-http/shenyu-client-springmvc,org.apache.shenyu.client.springmvc.init.SpringMvcClientEventListenerTest.testShenyuBeanProcess,OD,Accepted,shenyu-10375c5204c67f9889235f19fe2d6e8eb0438a5a-enyu-client-shenyu-client-http-shenyu-client-springmvc
https://github.com/apache/shenyu,10375c5204c67f9889235f19fe2d6e8eb0438a5a,shenyu-client/shenyu-client-http/shenyu-client-springmvc,org.apache.shenyu.client.springmvc.init.SpringMvcClientEventListenerTest.testWithShenyuClientAnnotation,OD,Accepted,shenyu-10375c5204c67f9889235f19fe2d6e8eb0438a5a-enyu-client-shenyu-client-http-shenyu-client-springmvc
https://github.com/apache/skywalking,edf0bce37f682c093d1ea5bcca0a6d2d1ecc2cc4,apm-commons/apm-datacarrier,org.apache.skywalking.apm.commons.datacarrier.consumer.testConsumerLessThanChannel,OD,Accepted,skywalking-edf0bce37f682c093d1ea5bcca0a6d2d1ecc2cc4-m-commons-apm-datacarrier
https://github.com/apache/skywalking,edf0bce37f682c093d1ea5bcca0a6d2d1ecc2cc4,apm-commons/apm-datacarrier,org.apache.skywalking.apm.commons.datacarrier.consumer.testConsumerMoreThanChannel,OD,Accepted,skywalking-edf0bce37f682c093d1ea5bcca0a6d2d1ecc2cc4-m-commons-apm-datacarrier
https://github.com/Apache/Struts,13d9053050c9e4fb2ef049db6a37d3f6eebf48fa,plugins/portlet,org.apache.struts2.portlet.dispatcher.Jsr168DispatcherTest.testProcessAction_ok,OD-Vic,Accepted,Struts-13d9053050c9e4fb2ef049db6a37d3f6eebf48fa-ugins-portlet
https://github.com/Apache/Struts,13d9053050c9e4fb2ef049db6a37d3f6eebf48fa,plugins/portlet,org.apache.struts2.portlet.dispatcher.Jsr168DispatcherTest.testRender_ok,OD-Vic,Accepted,Struts-13d9053050c9e4fb2ef049db6a37d3f6eebf48fa-ugins-portlet
https://github.com/Apache/Struts,13d9053050c9e4fb2ef049db6a37d3f6eebf48fa,plugins/portlet,org.apache.struts2.portlet.dispatcher.Jsr286DispatcherTest.testProcessAction_ok,OD-Vic,Accepted,Struts-13d9053050c9e4fb2ef049db6a37d3f6eebf48fa-ugins-portlet
https://github.com/Apache/Struts,13d9053050c9e4fb2ef049db6a37d3f6eebf48fa,plugins/portlet,org.apache.struts2.portlet.dispatcher.Jsr286DispatcherTest.testRender_ok,OD-Vic,Accepted,Struts-13d9053050c9e4fb2ef049db6a37d3f6eebf48fa-ugins-portlet
https://github.com/biojava/biojava,65ad15fe58dcedd258fee1c14505e424c8536efc,biojava-structure,org.biojava.nbio.structure.align.util.AtomCacheTest.testGetStructureForChainlessDomains,ID;NOD,Accepted,biojava-65ad15fe58dcedd258fee1c14505e424c8536efc-ojava-structure
https://github.com/ConsenSys/tessera,ecdd1a2ce6412c11a8ae722d7a4527a4a66da688,tessera-partyinfo,com.quorum.tessera.discovery.DiscoveryFactoryTest.defaultConstructor,OD,Accepted,tessera-ecdd1a2ce6412c11a8ae722d7a4527a4a66da688-ssera-partyinfo
https://github.com/ConsenSys/tessera,ecdd1a2ce6412c11a8ae722d7a4527a4a66da688,tessera-partyinfo,com.quorum.tessera.discovery.DiscoveryFactoryTest.provideAutoDiscovery,OD,Accepted,tessera-ecdd1a2ce6412c11a8ae722d7a4527a4a66da688-ssera-partyinfo
https://github.com/ConsenSys/tessera,ecdd1a2ce6412c11a8ae722d7a4527a4a66da688,tessera-partyinfo,com.quorum.tessera.discovery.DiscoveryFactoryTest.provideDisabledAutoDiscovery,OD,Accepted,tessera-ecdd1a2ce6412c11a8ae722d7a4527a4a66da688-ssera-partyinfo
https://github.com/ConsenSys/tessera,ecdd1a2ce6412c11a8ae722d7a4527a4a66da688,eclipselink-utils,com.quorum.tessera.eclipselink.AtomicLongSequenceTest.customisedWithDbLogin,OD,Accepted,tessera-ecdd1a2ce6412c11a8ae722d7a4527a4a66da688-lipselink-utils
https://github.com/ConsenSys/tessera,ecdd1a2ce6412c11a8ae722d7a4527a4a66da688,eclipselink-utils,com.quorum.tessera.eclipselink.AtomicLongSequenceTest.customisedWithNullDbLogin,OD,Accepted,tessera-ecdd1a2ce6412c11a8ae722d7a4527a4a66da688-lipselink-utils
https://github.com/ConsenSys/tessera,ecdd1a2ce6412c11a8ae722d7a4527a4a66da688,eclipselink-utils,com.quorum.tessera.eclipselink.AtomicLongSequenceTest.onDisconnectDoesNothing,OD,Accepted,tessera-ecdd1a2ce6412c11a8ae722d7a4527a4a66da688-lipselink-utils
https://github.com/ctco/cukes,b483e1a8f261b80a66291a42fc455256b0b5059c,cukes-http,lv.ctco.cukes.http.facade.HttpAssertionFacadeImplTest.shouldReturnBodyWhenEnabledAndNoMax,OD-Vic,Accepted,cukes-b483e1a8f261b80a66291a42fc455256b0b5059c-kes-http
https://github.com/dromara/hutool,12969f248329f81f76eb5bece8c718ac1c63f7b1,hutool-core,cn.hutool.core.text.StrJoinerTest.joinMultiArrayTest,OD,Accepted,hutool-12969f248329f81f76eb5bece8c718ac1c63f7b1-tool-core
https://github.com/dromara/hutool,12969f248329f81f76eb5bece8c718ac1c63f7b1,hutool-core,cn.hutool.core.util.JAXBUtilTest.beanToXmlTest,OD,Accepted,hutool-12969f248329f81f76eb5bece8c718ac1c63f7b1-tool-core
https://github.com/dromara/hutool,12969f248329f81f76eb5bece8c718ac1c63f7b1,hutool-json,cn.hutool.json.xml.XMLTest.toXmlTest,OD,Accepted,hutool-12969f248329f81f76eb5bece8c718ac1c63f7b1-tool-json
https://github.com/dropwizard/dropwizard,07dfaed697427e208d65049f80a5d1949833b7cd,dropwizard-logging,io.dropwizard.logging.DefaultLoggingFactoryPrintErrorMessagesTest.testLogbackStatusPrinterPrintStreamIsRestoredToSystemOut,OD-Vic,Accepted,dropwizard-07dfaed697427e208d65049f80a5d1949833b7cd-opwizard-logging
https://github.com/FasterXML/jackson-databind,9b11650a6c3fee9ef9e3fb264d2244f65affc2ee,.,com.fasterxml.jackson.databind.introspect.TestNamingStrategyStd.testUpperSnakeCaseTranslations,OD,Accepted,jackson-databind-9b11650a6c3fee9ef9e3fb264d2244f65affc2ee-
https://github.com/FasterXML/jackson-dataformat-xml,2d08f8d0b0248a00c2c79b9a07e936b3287edb07,.,com.fasterxml.jackson.dataformat.xml.jaxb.AttributesWithJAXBTest.testTwoAttributes,OD,Accepted,jackson-dataformat-xml-2d08f8d0b0248a00c2c79b9a07e936b3287edb07-
https://github.com/FasterXML/jackson-dataformat-xml,2d08f8d0b0248a00c2c79b9a07e936b3287edb07,.,com.fasterxml.jackson.dataformat.xml.jaxb.WithJAXBAnnotationsTest.testPersonAsXml,OD,Accepted,jackson-dataformat-xml-2d08f8d0b0248a00c2c79b9a07e936b3287edb07-
https://github.com/FasterXML/jackson-dataformat-xml,2d08f8d0b0248a00c2c79b9a07e936b3287edb07,.,com.fasterxml.jackson.dataformat.xml.lists.Issue101UnwrappedListAttributesTest.testWithTwoAttributes,OD,Accepted,jackson-dataformat-xml-2d08f8d0b0248a00c2c79b9a07e936b3287edb07-
https://github.com/FasterXML/jackson-dataformat-xml,2d08f8d0b0248a00c2c79b9a07e936b3287edb07,.,com.fasterxml.jackson.dataformat.xml.lists.ListAnnotationSharingTest.testAnnotationSharing,OD,Accepted,jackson-dataformat-xml-2d08f8d0b0248a00c2c79b9a07e936b3287edb07-
https://github.com/FasterXML/jackson-dataformat-xml,2d08f8d0b0248a00c2c79b9a07e936b3287edb07,.,com.fasterxml.jackson.dataformat.xml.misc.UnwrappingWithXMLTest.testUnwrappingWithAttribute,OD,Accepted,jackson-dataformat-xml-2d08f8d0b0248a00c2c79b9a07e936b3287edb07-
https://github.com/FasterXML/jackson-dataformat-xml,2d08f8d0b0248a00c2c79b9a07e936b3287edb07,.,com.fasterxml.jackson.dataformat.xml.ser.TestIndentation.testMultiLevel172,OD,Accepted,jackson-dataformat-xml-2d08f8d0b0248a00c2c79b9a07e936b3287edb07-
https://github.com/FasterXML/jackson-dataformat-xml,2d08f8d0b0248a00c2c79b9a07e936b3287edb07,.,com.fasterxml.jackson.dataformat.xml.ser.TestJDKSerializability.testMapper,OD,Accepted,jackson-dataformat-xml-2d08f8d0b0248a00c2c79b9a07e936b3287edb07-
https://github.com/FasterXML/jackson-dataformat-xml,2d08f8d0b0248a00c2c79b9a07e936b3287edb07,.,com.fasterxml.jackson.dataformat.xml.ser.TestSerializationAttr.testIssue6,OD,Accepted,jackson-dataformat-xml-2d08f8d0b0248a00c2c79b9a07e936b3287edb07-
https://github.com/fhoeben/hsac-fitnesse-fixtures,a64c18d9c4bac8271275c7b089d40be20f0604b5,.,nl.hsac.fitnesse.fixture.slim.FileFixtureTest.testDelete,OD-Brit,Accepted,hsac-fitnesse-fixtures-a64c18d9c4bac8271275c7b089d40be20f0604b5-
https://github.com/hexagonframework/spring-data-ebean,dd11b97654982403b50dd1d5369cadad71fce410,.,org.springframework.data.ebean.repository.UserRepositoryIntegrationTest.deleteById,OD-Brit,Accepted,spring-data-ebean-dd11b97654982403b50dd1d5369cadad71fce410-
https://github.com/jnr/jnr-posix,dbda72ce198a8dd766c30c591d63d726d2a28a7c,.,jnr.posix.GroupTest.getgroups,OD,Accepted,jnr-posix-dbda72ce198a8dd766c30c591d63d726d2a28a7c-
https://github.com/jnr/jnr-posix,dbda72ce198a8dd766c30c591d63d726d2a28a7c,.,jnr.posix.NlLanginfoTest.testNlLanginfo,OD,Accepted,jnr-posix-dbda72ce198a8dd766c30c591d63d726d2a28a7c-
https://github.com/jnr/jnr-posix,dbda72ce198a8dd766c30c591d63d726d2a28a7c,.,jnr.posix.SpawnTest.closeInput,OD,Accepted,jnr-posix-dbda72ce198a8dd766c30c591d63d726d2a28a7c-
https://github.com/jnr/jnr-posix,dbda72ce198a8dd766c30c591d63d726d2a28a7c,.,jnr.posix.SpawnTest.inputPipe,OD,Accepted,jnr-posix-dbda72ce198a8dd766c30c591d63d726d2a28a7c-
https://github.com/jnr/jnr-posix,dbda72ce198a8dd766c30c591d63d726d2a28a7c,.,jnr.posix.SpawnTest.outputPipe,OD,Accepted,jnr-posix-dbda72ce198a8dd766c30c591d63d726d2a28a7c-
https://github.com/jnr/jnr-posix,dbda72ce198a8dd766c30c591d63d726d2a28a7c,.,jnr.posix.SpawnTest.validPid,OD,Accepted,jnr-posix-dbda72ce198a8dd766c30c591d63d726d2a28a7c-
https://github.com/ktuukkan/marine-api,af0003847db9ba822f67d4f1dceb8de3fe63250a,.,net.sf.marineapi.ais.event.AbstractAISMessageListenerTest.testSequenceListenerWithIncorrectOrder,OD-Vic,Accepted,marine-api-af0003847db9ba822f67d4f1dceb8de3fe63250a-
https://github.com/ktuukkan/marine-api,af0003847db9ba822f67d4f1dceb8de3fe63250a,.,net.sf.marineapi.ais.parser.AISMessageFactoryTest.testCreateWithTwo,OD-Vic,Accepted,marine-api-af0003847db9ba822f67d4f1dceb8de3fe63250a-
https://github.com/kubernetes-client/java,e19a0ecbc9af258c43b486843df139c8ec8f117e,spring,io.kubernetes.client.spring.extended.controller.KubernetesInformerCreatorTest.testInformerInjection,OD,Accepted,java-e19a0ecbc9af258c43b486843df139c8ec8f117e-ring
https://github.com/networknt/light-4j,fcded1683dcbd41a968e221494778aa6b71e7428,consul,com.networknt.consul.ConsulRegistryTest.discoverService,OD,Accepted,light-4j-fcded1683dcbd41a968e221494778aa6b71e7428-nsul
https://github.com/networknt/light-4j,fcded1683dcbd41a968e221494778aa6b71e7428,consul,com.networknt.consul.ConsulRegistryTest.doRegisterAndAvailable,OD,Accepted,light-4j-fcded1683dcbd41a968e221494778aa6b71e7428-nsul
https://github.com/networknt/light-4j,fcded1683dcbd41a968e221494778aa6b71e7428,correlation,com.networknt.correlation.CorrelationHandlerTest.testGetWithoutTid,OD,Accepted,light-4j-fcded1683dcbd41a968e221494778aa6b71e7428-rrelation
https://github.com/networknt/light-4j,fcded1683dcbd41a968e221494778aa6b71e7428,handler,com.networknt.handler.HandlerTest.validConfig_init_handlersCreated,OD,Accepted,light-4j-fcded1683dcbd41a968e221494778aa6b71e7428-ndler
https://github.com/networknt/light-4j,fcded1683dcbd41a968e221494778aa6b71e7428,portal-registry,com.networknt.portal.registry.PortalRegistryTest.discoverService,OD,Accepted,light-4j-fcded1683dcbd41a968e221494778aa6b71e7428-rtal-registry
https://github.com/networknt/light-4j,fcded1683dcbd41a968e221494778aa6b71e7428,portal-registry,com.networknt.portal.registry.PortalRegistryTest.doRegisterAndAvailable,OD,Accepted,light-4j-fcded1683dcbd41a968e221494778aa6b71e7428-rtal-registry
https://github.com/networknt/light-4j,fcded1683dcbd41a968e221494778aa6b71e7428,metrics,io.dropwizard.metrics.SharedMetricRegistriesTest.hasASetOfNames,OD,Accepted,light-4j-fcded1683dcbd41a968e221494778aa6b71e7428-trics
https://github.com/networknt/light-4j,fcded1683dcbd41a968e221494778aa6b71e7428,metrics,io.dropwizard.metrics.SharedMetricRegistriesTest.removesRegistries,OD,Accepted,light-4j-fcded1683dcbd41a968e221494778aa6b71e7428-trics
https://github.com/opengoofy/hippo4j,cf854b3cb3c47fd339421e5a46a3ae3229c53829,infra/common,cn.hippo4j.common.toolkit.logtracing.LogMessageTest.testToStringShouldPrintMessageAndAllKeyAndValuePairs,NOD,Accepted,hippo4j-cf854b3cb3c47fd339421e5a46a3ae3229c53829-fra-common
https://github.com/OpenHFT/Chronicle-Wire,27a9efc3ced000f46e0f46263614e08896058290,.,net.openhft.chronicle.wire.TextWireTest.testSingleQuote,OD-Brit,Accepted,Chronicle-Wire-27a9efc3ced000f46e0f46263614e08896058290-
https://github.com/OpenHFT/Chronicle-Wire,27a9efc3ced000f46e0f46263614e08896058290,.,net.openhft.chronicle.wire.YamlWireTest.testSingleQuote,OD-Brit,Accepted,Chronicle-Wire-27a9efc3ced000f46e0f46263614e08896058290-
https://github.com/openpojo/openpojo,9badbcc4593e797accfed5e51bec9f2b843f0f67,.,com.openpojo.issues.issue112.IssueTest.shouldNotFail,OD;UD,Accepted,openpojo-9badbcc4593e797accfed5e51bec9f2b843f0f67-
https://github.com/pholser/junit-quickcheck,9361b6dae25b193782604d071754eb7fc566390a,guava,com.pholser.junit.quickcheck.guava.generator.FunctionPropertyParameterTypesTest.arrayOfFunction,OD,Accepted,junit-quickcheck-9361b6dae25b193782604d071754eb7fc566390a-ava
https://github.com/pholser/junit-quickcheck,9361b6dae25b193782604d071754eb7fc566390a,core,com.pholser.junit.quickcheck.UsualJUnitMachineryOnPropertyBasedTest.orderingOfStatements,NIO;OD,Accepted,junit-quickcheck-9361b6dae25b193782604d071754eb7fc566390a-re
https://github.com/pinterest/secor,0927a127e3014ee494c97f8c0c25dafe9cf5ac27,.,com.pinterest.secor.io.FileReaderWriterFactoryTest.testDelimitedTextFileReader,NOD,Accepted,secor-0927a127e3014ee494c97f8c0c25dafe9cf5ac27-
https://github.com/pinterest/secor,0927a127e3014ee494c97f8c0c25dafe9cf5ac27,.,com.pinterest.secor.io.FileReaderWriterFactoryTest.testDelimitedTextFileWriter,NOD,Accepted,secor-0927a127e3014ee494c97f8c0c25dafe9cf5ac27-
https://github.com/querydsl/querydsl,2bf234caf78549813a1e0f44d9c30ecc5ef734e3,querydsl-hibernate-search,com.querydsl.hibernate.search.SearchQueryTest.count,NOD,Accepted,querydsl-2bf234caf78549813a1e0f44d9c30ecc5ef734e3-erydsl-hibernate-search
https://github.com/querydsl/querydsl,2bf234caf78549813a1e0f44d9c30ecc5ef734e3,querydsl-hibernate-search,com.querydsl.hibernate.search.SearchQueryTest.list,NIO;NOD,Accepted,querydsl-2bf234caf78549813a1e0f44d9c30ecc5ef734e3-erydsl-hibernate-search
https://github.com/querydsl/querydsl,2bf234caf78549813a1e0f44d9c30ecc5ef734e3,querydsl-hibernate-search,com.querydsl.hibernate.search.SearchQueryTest.listResults,NOD;OD-Brit,Accepted,querydsl-2bf234caf78549813a1e0f44d9c30ecc5ef734e3-erydsl-hibernate-search
https://github.com/querydsl/querydsl,2bf234caf78549813a1e0f44d9c30ecc5ef734e3,querydsl-hibernate-search,com.querydsl.hibernate.search.SearchQueryTest.no_where,NIO;NOD,Accepted,querydsl-2bf234caf78549813a1e0f44d9c30ecc5ef734e3-erydsl-hibernate-search
https://github.com/querydsl/querydsl,2bf234caf78549813a1e0f44d9c30ecc5ef734e3,querydsl-hibernate-search,com.querydsl.hibernate.search.SearchQueryTest.ordering,NIO;NOD,Accepted,querydsl-2bf234caf78549813a1e0f44d9c30ecc5ef734e3-erydsl-hibernate-search
https://github.com/querydsl/querydsl,2bf234caf78549813a1e0f44d9c30ecc5ef734e3,querydsl-hibernate-search,com.querydsl.hibernate.search.SearchQueryTest.paging,NOD,Accepted,querydsl-2bf234caf78549813a1e0f44d9c30ecc5ef734e3-erydsl-hibernate-search
https://github.com/rest-assured/rest-assured,bbede9fff77d4f1b751cdada0bdf8fe8d928919a,spring-web-test-client,io.restassured.module.webtestclient.WebTestClientSpecificationMergingTest.web_test_client_factory_is_not_overwritten_when_not_defined_in_specification,OD,Accepted,rest-assured-bbede9fff77d4f1b751cdada0bdf8fe8d928919a-ring-web-test-client
https://github.com/rrd4j/rrd4j,5e0c9c7e138167388721a0620b95526e89fd6059,.,org.rrd4j.graph.FontTest.testClean,OD-Vic,Accepted,rrd4j-5e0c9c7e138167388721a0620b95526e89fd6059-
https://github.com/spring-projects/spring-data-envers,5637994be37747e82b2d6d5b34555e2bee791fe6,.,org.springframework.data.envers.repository.support.QueryDslRepositoryIntegrationTests.testWithRevisions,OD-Vic,Accepted,spring-data-envers-5637994be37747e82b2d6d5b34555e2bee791fe6-
https://github.com/spring-projects/spring-ws,e8d89c9eb0929dda304174729c9c69fb29f448eb,spring-ws-security,org.springframework.ws.soap.security.xwss.callback.SpringDigestPasswordValidationCallbackHandlerTest.testAuthenticateUserDigestUserNotFound,OD;UD,Accepted,spring-ws-e8d89c9eb0929dda304174729c9c69fb29f448eb-ring-ws-security
https://github.com/spring-projects/spring-ws,e8d89c9eb0929dda304174729c9c69fb29f448eb,spring-ws-security,org.springframework.ws.soap.security.xwss.callback.SpringDigestPasswordValidationCallbackHandlerTest.testAuthenticateUserDigestValidInvalid,OD;UD,Accepted,spring-ws-e8d89c9eb0929dda304174729c9c69fb29f448eb-ring-ws-security
https://github.com/tbsalling/aismessages,7b0c4c708b6bb9a6da3d5737bcad1857ade8a931,.,dk.tbsalling.aismessages.nmea.NMEAMessageHandlerTest.canHandleFragmentedMessageReceived,OD-Vic,Accepted,aismessages-7b0c4c708b6bb9a6da3d5737bcad1857ade8a931-
https://github.com/tbsalling/aismessages,7b0c4c708b6bb9a6da3d5737bcad1857ade8a931,.,dk.tbsalling.aismessages.nmea.NMEAMessageHandlerTest.canHandleUnfragmentedMessageReceived,OD-Vic,Accepted,aismessages-7b0c4c708b6bb9a6da3d5737bcad1857ade8a931-
https://github.com/tools4j/unix4j,367da7d262e682a08577cdf19ebbbdd8a46870fe,unix4j-core/unix4j-command,org.unix4j.unix.FindFileTimeDependentTest.find_fileCreatedBeforeNow,OD-Vic,Accepted,unix4j-367da7d262e682a08577cdf19ebbbdd8a46870fe-ix4j-core-unix4j-command
https://github.com/undertow-io/undertow,d0efffad5d2034bb07525cac9b299dac72c3045d,websockets-jsr,io.undertow.websockets.jsr.test.annotated.AnnotatedEndpointTest.testCloseReason,OD-Vic,Accepted,undertow-d0efffad5d2034bb07525cac9b299dac72c3045d-bsockets-jsr
https://github.com/vaadin/flow,26aacd3cdf51c7e0a18ae21318d366ce7f91be8a,flow-data,com.vaadin.flow.data.validator.BeanValidatorTest.testInvalidDecimalsFailsInFrench,OD,Accepted,flow-26aacd3cdf51c7e0a18ae21318d366ce7f91be8a-ow-data
https://github.com/wikidata/wikidata-toolkit,20de6f7f12319f54eb962ff6e8357b3f5695d54d,wdtk-dumpfiles,org.wikidata.wdtk.dumpfiles.MwDumpFileProcessingTest.testMwDailyDumpFileProcessing,OD-Brit,Accepted,wikidata-toolkit-20de6f7f12319f54eb962ff6e8357b3f5695d54d-tk-dumpfiles
https://github.com/wikidata/wikidata-toolkit,20de6f7f12319f54eb962ff6e8357b3f5695d54d,wdtk-dumpfiles,org.wikidata.wdtk.dumpfiles.MwDumpFileProcessingTest.testMwMostRecentFullDumpFileProcessing,OD-Brit,Accepted,wikidata-toolkit-20de6f7f12319f54eb962ff6e8357b3f5695d54d-tk-dumpfiles
https://github.com/wikidata/wikidata-toolkit,20de6f7f12319f54eb962ff6e8357b3f5695d54d,wdtk-dumpfiles,org.wikidata.wdtk.dumpfiles.MwDumpFileProcessingTest.testMwRecentCurrentDumpFileProcessing,OD-Brit,Accepted,wikidata-toolkit-20de6f7f12319f54eb962ff6e8357b3f5695d54d-tk-dumpfiles
https://github.com/wikidata/wikidata-toolkit,20de6f7f12319f54eb962ff6e8357b3f5695d54d,wdtk-util,org.wikidata.wdtk.util.DirectoryManagerFactoryTest.createDefaultDirectoryManagerPath,OD-Vic,Accepted,wikidata-toolkit-20de6f7f12319f54eb962ff6e8357b3f5695d54d-tk-util
https://github.com/wikidata/wikidata-toolkit,20de6f7f12319f54eb962ff6e8357b3f5695d54d,wdtk-util,org.wikidata.wdtk.util.DirectoryManagerFactoryTest.createDirectoryManagerIoException,OD-Vic,Accepted,wikidata-toolkit-20de6f7f12319f54eb962ff6e8357b3f5695d54d-tk-util
https://github.com/wildfly/wildfly,b19048b72669fc0e96665b1b125dc1fda21f5993,naming,org.jboss.as.naming.InitialContextFactoryTestCase.testInitialFactory,OD-Vic,Accepted,wildfly-b19048b72669fc0e96665b1b125dc1fda21f5993-ming
https://github.com/wildfly/wildfly,b19048b72669fc0e96665b1b125dc1fda21f5993,naming,org.jboss.as.naming.InitialContextFactoryTestCase.testJavaContext,OD-Vic,Accepted,wildfly-b19048b72669fc0e96665b1b125dc1fda21f5993-ming
https://github.com/wildfly/wildfly,b19048b72669fc0e96665b1b125dc1fda21f5993,naming,org.jboss.as.naming.InitialContextTestCase.testRegisterURLSchemeHandler,OD-Vic,Accepted,wildfly-b19048b72669fc0e96665b1b125dc1fda21f5993-ming
https://github.com/wildfly/wildfly,b19048b72669fc0e96665b1b125dc1fda21f5993,naming,org.jboss.as.naming.NamingContextTestCase.testBind,OD-Vic,Accepted,wildfly-b19048b72669fc0e96665b1b125dc1fda21f5993-ming
https://github.com/wildfly/wildfly,b19048b72669fc0e96665b1b125dc1fda21f5993,naming,org.jboss.as.naming.NamingContextTestCase.testBindReferenceable,OD-Vic,Accepted,wildfly-b19048b72669fc0e96665b1b125dc1fda21f5993-ming
https://github.com/wildfly/wildfly,b19048b72669fc0e96665b1b125dc1fda21f5993,naming,org.jboss.as.naming.NamingContextTestCase.testCreateSubcontext,OD-Vic,Accepted,wildfly-b19048b72669fc0e96665b1b125dc1fda21f5993-ming
https://github.com/wildfly/wildfly,b19048b72669fc0e96665b1b125dc1fda21f5993,naming,org.jboss.as.naming.NamingContextTestCase.testList,OD-Vic,Accepted,wildfly-b19048b72669fc0e96665b1b125dc1fda21f5993-ming
https://github.com/wildfly/wildfly,b19048b72669fc0e96665b1b125dc1fda21f5993,naming,org.jboss.as.naming.NamingContextTestCase.testListBindings,OD-Vic,Accepted,wildfly-b19048b72669fc0e96665b1b125dc1fda21f5993-ming
https://github.com/wildfly/wildfly,b19048b72669fc0e96665b1b125dc1fda21f5993,naming,org.jboss.as.naming.NamingContextTestCase.testListBindingsNameNotFound,OD-Vic,Accepted,wildfly-b19048b72669fc0e96665b1b125dc1fda21f5993-ming
https://github.com/wildfly/wildfly,b19048b72669fc0e96665b1b125dc1fda21f5993,naming,org.jboss.as.naming.NamingContextTestCase.testListBindingsWithContinuation,OD-Vic,Accepted,wildfly-b19048b72669fc0e96665b1b125dc1fda21f5993-ming
https://github.com/wildfly/wildfly,b19048b72669fc0e96665b1b125dc1fda21f5993,naming,org.jboss.as.naming.NamingContextTestCase.testListNameNotFound,OD-Vic,Accepted,wildfly-b19048b72669fc0e96665b1b125dc1fda21f5993-ming
https://github.com/wildfly/wildfly,b19048b72669fc0e96665b1b125dc1fda21f5993,naming,org.jboss.as.naming.NamingContextTestCase.testListWithContinuation,OD-Vic,Accepted,wildfly-b19048b72669fc0e96665b1b125dc1fda21f5993-ming
https://github.com/wildfly/wildfly,b19048b72669fc0e96665b1b125dc1fda21f5993,naming,org.jboss.as.naming.NamingContextTestCase.testLookup,OD-Vic,Accepted,wildfly-b19048b72669fc0e96665b1b125dc1fda21f5993-ming
https://github.com/wildfly/wildfly,b19048b72669fc0e96665b1b125dc1fda21f5993,naming,org.jboss.as.naming.NamingContextTestCase.testLookupContextLink,OD-Vic,Accepted,wildfly-b19048b72669fc0e96665b1b125dc1fda21f5993-ming
https://github.com/wildfly/wildfly,b19048b72669fc0e96665b1b125dc1fda21f5993,naming,org.jboss.as.naming.NamingContextTestCase.testLookupEmptyName,OD-Vic,Accepted,wildfly-b19048b72669fc0e96665b1b125dc1fda21f5993-ming
https://github.com/wildfly/wildfly,b19048b72669fc0e96665b1b125dc1fda21f5993,naming,org.jboss.as.naming.NamingContextTestCase.testLookupLink,OD-Vic,Accepted,wildfly-b19048b72669fc0e96665b1b125dc1fda21f5993-ming
https://github.com/wildfly/wildfly,b19048b72669fc0e96665b1b125dc1fda21f5993,naming,org.jboss.as.naming.NamingContextTestCase.testLookupNameNotFound,OD-Vic,Accepted,wildfly-b19048b72669fc0e96665b1b125dc1fda21f5993-ming
https://github.com/wildfly/wildfly,b19048b72669fc0e96665b1b125dc1fda21f5993,naming,org.jboss.as.naming.NamingContextTestCase.testLookupReference,OD-Vic,Accepted,wildfly-b19048b72669fc0e96665b1b125dc1fda21f5993-ming
https://github.com/wildfly/wildfly,b19048b72669fc0e96665b1b125dc1fda21f5993,naming,org.jboss.as.naming.NamingContextTestCase.testLookupWithContinuation,OD-Vic,Accepted,wildfly-b19048b72669fc0e96665b1b125dc1fda21f5993-ming
https://github.com/wildfly/wildfly,b19048b72669fc0e96665b1b125dc1fda21f5993,naming,org.jboss.as.naming.NamingContextTestCase.testLookupWitResolveResult,OD-Vic,Accepted,wildfly-b19048b72669fc0e96665b1b125dc1fda21f5993-ming
https://github.com/wildfly/wildfly,b19048b72669fc0e96665b1b125dc1fda21f5993,naming,org.jboss.as.naming.NamingContextTestCase.testRebind,OD-Vic,Accepted,wildfly-b19048b72669fc0e96665b1b125dc1fda21f5993-ming
https://github.com/wildfly/wildfly,b19048b72669fc0e96665b1b125dc1fda21f5993,naming,org.jboss.as.naming.NamingContextTestCase.testRebindReferenceable,OD-Vic,Accepted,wildfly-b19048b72669fc0e96665b1b125dc1fda21f5993-ming
https://github.com/wildfly/wildfly,b19048b72669fc0e96665b1b125dc1fda21f5993,naming,org.jboss.as.naming.NamingContextTestCase.testUnbind,OD-Vic,Accepted,wildfly-b19048b72669fc0e96665b1b125dc1fda21f5993-ming
https://github.com/wildfly/wildfly,b19048b72669fc0e96665b1b125dc1fda21f5993,naming,org.jboss.as.naming.NamingEventCoordinatorTestCase.testFireAllEvent,OD-Vic,Accepted,wildfly-b19048b72669fc0e96665b1b125dc1fda21f5993-ming
https://github.com/wildfly/wildfly,b19048b72669fc0e96665b1b125dc1fda21f5993,naming,org.jboss.as.naming.NamingEventCoordinatorTestCase.testFireMultiLevelEvent,OD-Vic,Accepted,wildfly-b19048b72669fc0e96665b1b125dc1fda21f5993-ming
https://github.com/wildfly/wildfly,b19048b72669fc0e96665b1b125dc1fda21f5993,naming,org.jboss.as.naming.NamingEventCoordinatorTestCase.testFireObjectEvent,OD-Vic,Accepted,wildfly-b19048b72669fc0e96665b1b125dc1fda21f5993-ming
https://github.com/wildfly/wildfly,b19048b72669fc0e96665b1b125dc1fda21f5993,naming,org.jboss.as.naming.NamingEventCoordinatorTestCase.testFireOneLevelEvent,OD-Vic,Accepted,wildfly-b19048b72669fc0e96665b1b125dc1fda21f5993-ming
https://github.com/wildfly/wildfly,b19048b72669fc0e96665b1b125dc1fda21f5993,naming,org.jboss.as.naming.NamingEventCoordinatorTestCase.testFireSubTreeEvent,OD-Vic,Accepted,wildfly-b19048b72669fc0e96665b1b125dc1fda21f5993-ming
https://github.com/wildfly/wildfly,b19048b72669fc0e96665b1b125dc1fda21f5993,naming,org.jboss.as.naming.ObjectFactoryTestCase.testBindAndRetrieveObjectFactoryFromInitialContext,OD-Vic,Accepted,wildfly-b19048b72669fc0e96665b1b125dc1fda21f5993-ming
https://github.com/wildfly/wildfly,b19048b72669fc0e96665b1b125dc1fda21f5993,naming,org.jboss.as.naming.ObjectFactoryTestCase.testBindAndRetrieveObjectFactoryFromNamingContext,OD-Vic,Accepted,wildfly-b19048b72669fc0e96665b1b125dc1fda21f5993-ming
https://github.com/wildfly/wildfly,b19048b72669fc0e96665b1b125dc1fda21f5993,naming,org.jboss.as.naming.ServiceBasedNamingStoreTestCase.testListBindings,OD-Vic,Accepted,wildfly-b19048b72669fc0e96665b1b125dc1fda21f5993-ming
https://github.com/wildfly/wildfly,b19048b72669fc0e96665b1b125dc1fda21f5993,naming,org.jboss.as.naming.ServiceBasedNamingStoreTestCase.testLookupBinding,OD-Vic,Accepted,wildfly-b19048b72669fc0e96665b1b125dc1fda21f5993-ming
https://github.com/wildfly/wildfly,b19048b72669fc0e96665b1b125dc1fda21f5993,naming,org.jboss.as.naming.ServiceBasedNamingStoreTestCase.testLookupBindingUsingNestedContext,OD-Vic,Accepted,wildfly-b19048b72669fc0e96665b1b125dc1fda21f5993-ming
https://github.com/wildfly/wildfly,b19048b72669fc0e96665b1b125dc1fda21f5993,naming,org.jboss.as.naming.ServiceBasedNamingStoreTestCase.testStoredContext,OD-Vic,Accepted,wildfly-b19048b72669fc0e96665b1b125dc1fda21f5993-ming
https://github.com/wildfly/wildfly,b19048b72669fc0e96665b1b125dc1fda21f5993,naming,org.jboss.as.naming.subsystem.NamingSubsystemTestCase.testCompositeBindingOps,OD-Vic,Accepted,wildfly-b19048b72669fc0e96665b1b125dc1fda21f5993-ming
https://github.com/wildfly/wildfly,b19048b72669fc0e96665b1b125dc1fda21f5993,naming,org.jboss.as.naming.subsystem.NamingSubsystemTestCase.testCompositeBindingUpdate,OD-Vic,Accepted,wildfly-b19048b72669fc0e96665b1b125dc1fda21f5993-ming
https://github.com/wildfly/wildfly,b19048b72669fc0e96665b1b125dc1fda21f5993,naming,org.jboss.as.naming.subsystem.NamingSubsystemTestCase.testOnlyExternalContextAllowsCache,OD-Vic,Accepted,wildfly-b19048b72669fc0e96665b1b125dc1fda21f5993-ming
https://github.com/wildfly/wildfly,b19048b72669fc0e96665b1b125dc1fda21f5993,naming,org.jboss.as.naming.subsystem.NamingSubsystemTestCase.testRejectionsEAP6,OD-Vic,Accepted,wildfly-b19048b72669fc0e96665b1b125dc1fda21f5993-ming
https://github.com/wildfly/wildfly,b19048b72669fc0e96665b1b125dc1fda21f5993,naming,org.jboss.as.naming.subsystem.NamingSubsystemTestCase.testRejectionsEAP7,OD-Vic,Accepted,wildfly-b19048b72669fc0e96665b1b125dc1fda21f5993-ming
https://github.com/wildfly/wildfly,b19048b72669fc0e96665b1b125dc1fda21f5993,naming,org.jboss.as.naming.subsystem.NamingSubsystemTestCase.testSubsystem,OD-Vic,Accepted,wildfly-b19048b72669fc0e96665b1b125dc1fda21f5993-ming
https://github.com/wildfly/wildfly,b19048b72669fc0e96665b1b125dc1fda21f5993,naming,org.jboss.as.naming.WritableServiceBasedNamingStoreTestCase.testBind,OD-Vic,Accepted,wildfly-b19048b72669fc0e96665b1b125dc1fda21f5993-ming
https://github.com/wildfly/wildfly,b19048b72669fc0e96665b1b125dc1fda21f5993,naming,org.jboss.as.naming.WritableServiceBasedNamingStoreTestCase.testBindNested,OD-Vic,Accepted,wildfly-b19048b72669fc0e96665b1b125dc1fda21f5993-ming
https://github.com/wildfly/wildfly,b19048b72669fc0e96665b1b125dc1fda21f5993,naming,org.jboss.as.naming.WritableServiceBasedNamingStoreTestCase.testPermissions,OD-Brit,Accepted,wildfly-b19048b72669fc0e96665b1b125dc1fda21f5993-ming
https://github.com/wildfly/wildfly,b19048b72669fc0e96665b1b125dc1fda21f5993,naming,org.jboss.as.naming.WritableServiceBasedNamingStoreTestCase.testRebind,OD-Vic,Accepted,wildfly-b19048b72669fc0e96665b1b125dc1fda21f5993-ming
https://github.com/yangfuhai/jboot,4bffb4dff4ce5190917491a1b68f79efbfe99650,.,io.jboot.test.cache.caffeine.CaffeineTester.testDue,OD,Accepted,jboot-4bffb4dff4ce5190917491a1b68f79efbfe99650-
https://github.com/yangfuhai/jboot,4bffb4dff4ce5190917491a1b68f79efbfe99650,.,io.jboot.test.cache.caffeine.CaffeineTester.testGet,OD,Accepted,jboot-4bffb4dff4ce5190917491a1b68f79efbfe99650-
https://github.com/yangfuhai/jboot,4bffb4dff4ce5190917491a1b68f79efbfe99650,.,io.jboot.test.cache.caffeine.CaffeineTester.testPut,OD,Accepted,jboot-4bffb4dff4ce5190917491a1b68f79efbfe99650-
https://github.com/yangfuhai/jboot,4bffb4dff4ce5190917491a1b68f79efbfe99650,.,io.jboot.test.cache.caffeine.CaffeineTester.testTtl,OD,Accepted,jboot-4bffb4dff4ce5190917491a1b68f79efbfe99650-
https://github.com/yangfuhai/jboot,4bffb4dff4ce5190917491a1b68f79efbfe99650,.,io.jboot.test.cache.ehcache.EhCacheTester.testGet,OD,Accepted,jboot-4bffb4dff4ce5190917491a1b68f79efbfe99650-
https://github.com/yangfuhai/jboot,4bffb4dff4ce5190917491a1b68f79efbfe99650,.,io.jboot.test.cache.ehcache.EhCacheTester.testPut,OD,Accepted,jboot-4bffb4dff4ce5190917491a1b68f79efbfe99650-
https://github.com/zalando/riptide,8277e11fc069d8e24df0d233ef2577cc75659b75,riptide-spring-boot-starter,org.zalando.riptide.spring.metrics.MetricsTest.shouldRecordRequests,ID;OD-Vic,Accepted,riptide-8277e11fc069d8e24df0d233ef2577cc75659b75-ptide-spring-boot-starter